-- --------------------------------------------------------
-- Servidor:                     127.0.0.1
-- Versão do servidor:           5.7.40 - MySQL Community Server (GPL)
-- OS do Servidor:               Win64
-- HeidiSQL Versão:              11.3.0.6295
-- --------------------------------------------------------

/*!40101 SET @OLD_CHARACTER_SET_CLIENT=@@CHARACTER_SET_CLIENT */;
/*!40101 SET NAMES utf8 */;
/*!50503 SET NAMES utf8mb4 */;
/*!40014 SET @OLD_FOREIGN_KEY_CHECKS=@@FOREIGN_KEY_CHECKS, FOREIGN_KEY_CHECKS=0 */;
/*!40101 SET @OLD_SQL_MODE=@@SQL_MODE, SQL_MODE='NO_AUTO_VALUE_ON_ZERO' */;
/*!40111 SET @OLD_SQL_NOTES=@@SQL_NOTES, SQL_NOTES=0 */;


-- Copiando estrutura do banco de dados para ccb_beego
CREATE DATABASE IF NOT EXISTS `ccb_beego` /*!40100 DEFAULT CHARACTER SET utf8mb4 COLLATE utf8mb4_unicode_ci */;
USE `ccb_beego`;

-- Copiando estrutura para tabela ccb_beego.bordado
CREATE TABLE IF NOT EXISTS `bordado` (
  `id` int(11) NOT NULL AUTO_INCREMENT,
  `arquivo` varchar(40) COLLATE utf8mb4_unicode_ci NOT NULL DEFAULT '',
  `descricao` varchar(50) COLLATE utf8mb4_unicode_ci NOT NULL DEFAULT '',
  `caminho` varchar(225) COLLATE utf8mb4_unicode_ci NOT NULL DEFAULT '',
  `disquete` varchar(12) COLLATE utf8mb4_unicode_ci NOT NULL DEFAULT '',
  `bastidor` varchar(12) COLLATE utf8mb4_unicode_ci NOT NULL DEFAULT '',
  `grupo_id` int(11) NOT NULL DEFAULT '1',
  `preco` double NOT NULL DEFAULT '0',
  `pontos` bigint(20) NOT NULL DEFAULT '0',
  `cores` smallint(6) NOT NULL DEFAULT '0',
  `largura` bigint(20) NOT NULL DEFAULT '0',
  `altura` bigint(20) NOT NULL DEFAULT '0',
  `metragem` bigint(20) NOT NULL DEFAULT '0',
  `aprovado` tinyint(1) NOT NULL DEFAULT '0',
  `alerta` tinyint(1) NOT NULL DEFAULT '0',
  `imagem` blob,
  `cor_fundo` varchar(255) COLLATE utf8mb4_unicode_ci NOT NULL DEFAULT '',
  `obs_publica` varchar(1024) COLLATE utf8mb4_unicode_ci NOT NULL DEFAULT '',
  `obs_restrita` varchar(1024) COLLATE utf8mb4_unicode_ci NOT NULL DEFAULT '',
  `criadoEm` datetime DEFAULT NULL,
  `alteradoEm` datetime DEFAULT NULL,
  `estado` int(11) NOT NULL DEFAULT '0',
  `criado_em` datetime DEFAULT NULL,
  `alterado_em` datetime DEFAULT NULL,
  PRIMARY KEY (`id`)
) ENGINE=InnoDB AUTO_INCREMENT=5 DEFAULT CHARSET=utf8mb4 COLLATE=utf8mb4_unicode_ci;

-- Copiando dados para a tabela ccb_beego.bordado: ~2 rows (aproximadamente)
/*!40000 ALTER TABLE `bordado` DISABLE KEYS */;
INSERT INTO `bordado` (`id`, `arquivo`, `descricao`, `caminho`, `disquete`, `bastidor`, `grupo_id`, `preco`, `pontos`, `cores`, `largura`, `altura`, `metragem`, `aprovado`, `alerta`, `imagem`, `cor_fundo`, `obs_publica`, `obs_restrita`, `criadoEm`, `alteradoEm`, `estado`, `criado_em`, `alterado_em`) VALUES
	(1, 'DSBrave.DST', '.', 'C:\\bordados\\DSBrave.DST', '', '', 39, 8.5, 6805, 4, 752, 574, 0, 0, 0, _binary 0x6956424f5277304b47676f414141414e535568455567414141537741414144494341594141414253333978564141414b4f456c45515652346e4f7a64433236647568594734435136513734443641444f6e484e5635577946454634324e6c344c766b2b7132695a3767336e39324d6241787874414567494c53454e6741576b494c43434e66305958344c482b7648314f2f76332b342f2f586c754e37336e2f2f4459454a724e366d595441716c4e59494b354c524a4f7a6c62784163446168787461753459516f4c6e465662796e3751713255526e435a6843396d44366b31596b594f64744e5964516d704f614247635069776744594656366f34314b30684348395a525038644e435330595141337243414546495169735063494b776842595734515668434b77316e794e5648655a487749525745752b62316c5277344a4142426151687343613078534573415457314375734e4155684a4945314a3677674c49483149716767504945467043477733745375494175427463615651676848594b315236344a77424a5a67676a51454670434777414c53454668414773384f4c5031586b4d717a41777449525741426151677349413242426151687349413042426151687344696935753953554267386357594e42495157452b6e5a6b556941757670764357495250345a585141717451345a6f555543416975543756425a366f4d535174794b774d70674f61694f644a4c5050795041534531677a623343346571725a6b7376634b3050716a577637776f7555684a5963364d7537782b626234757976663833486146464f71345352765737647455715344386254773875493741692b57364f5473507173324f34394a77324e436577496a456d436a594a724c69757250326f5a5a4743732f6c626f50766f666a634672325a2f494c526e5879574d456c532f665536753567482f3053534d613052594355684345316a784341315949624359453569454a6243694d4a774264676b734941316e3962634156777648443265597331385130724e337a4e46424e66556e314443475a2b3858684b564a434b516873494130424659636e6c45464f775257484d494b646769734566364d4c67446b4a4c424769423159616e71454a62446945526977516d444e66623239356f6d683863526c4a706c6e5077397253615442704e64796c5a4c77314c4269756a6f3442425570434b7934336d642f3935795032685570434b77526a7665527a6538766e495a597a5a2b3136517372557443484e554a5a50396e37777374505737355556566952687341613465744b5a47316f4c5531762b2f2f7230784e5770434b775271693545726b5651755544555955564b516d733874704f5832746c2b6537334f6c7457515556617a3935354977585653396d673161506c662f5a32356a625573455a37316644715274634c496837467349613351572b736563327a50717a67635154577144367361564246624a6f43415058557349413042426151687341433068425951426f434330684459414670434377676a526942395457493075424a594e4f5965776e6e34655457464f434136774a72476c494343716a514c3744556f6f4447796d2f384c62315a754d664e786650773639582f74525379723575575738367a5a6e707233396d6131745a33397566585a336e5831764838633658543239704f652b7549734f6f4f764c306471666354454b59373152576439566650377972545a3346745065626d716d335a596e356e6e6f4168724d4c374b4e7049523365474f345856323843726d4c31666d7a2b766857515034373261322f373363792f2f413377554e752f36506d797570476d7956706161414936715a3143756e587769484c5331322b586e685a33787930467a2b2b4f7772756f7671706e32637639455751442f2f502f3267584b6e6779444b73707a64687476544c67752b3643637744675857394d6d593678763064374431326669396d30695a74566f3335526456336e2f7449394f66722f654e74572f796e6d6e695a742f2b4478447246566448526268536558645839685665575973764c517568784c6731703766576c2b52487537494d47594f2b766739732f4c5a6c55352f41366c484e6a794c4341587a6d537467543147366a434e75575457304471396462594b4c7453464543655876775a643868455444417556747a746f595674426a383138505a2f717974437841396c766e59534f2f326f2b38686f4c4f424e5736302b337865523870303550644835784e4e3172434b7445346a6c5956466657352b506c2b4c325175646136387166642b36387179334e46397a32314f632f72696e62642b456567565737774270502f333951614e325a426773333743475870334a6e6e6f4b3464554631736a61787339486a776775654a41786a306a4f77424e53495a7a61476c6163476b694c707a507333534d5a61586c4c5a43703370724979544c382b72477476487a6e57504e78372b6d54727356556a6e53313331507635356a64566e393350444c424e3562706e756c2b68377047367878374836354c3364666132512f313066342f58793370436571672b742b614d744866476e4164547239754a694f64374c4a31746e6452396238315a5070762b726b57566a4e5a2f516931725a4a2f6445395976702b533853726832373979525a6c3370664f3571625632354c3548413867306366647335324935386c3375484d6264565838504b2b516a6b756945514c51377553452f56584c4c31614f48575a652f784e464f31776b656f4336772f4f2b2b784f364e6e5038615a463152634f653852666a3637762b2b6264507263437870372f644a456257434e76626c5a73363639534f745562596b562b547264497831596b5756645431454872424a43766b373355652b73342f375536734c4c4631697432446e3763434b676f3769425a63656e6c48336d39756f44712f664f385a51615549756e5462545561676a486d624b5733507a4d6f35774a72427942306e4b6e376a574d3438786e6f783634765a3770503730664d4d732b53444e786d3453743348326e76747542652f61747a56757659534f396a335162647270445876334d725363592f5a7233326f48444c516137506d55624a2f625237657a6371796d3256743449742f534d33754862504f57692f6a58767264343831504c576e374c763361656d656c506e6273335a2f73786e30656550546d75704c4875664b5a39662f78322b354747445a57566f2f7872397653653139707a667358337465466c716e764942414b5875332b6b4f334962414174495157454161416774495132414261516773494132424261516873494130386a30696564652f6b78484c2f334e76474e78497373446143364e2f4139786538625441624c32385431742f6c476759574774686365564f3933646566387478647036524470725838737a58372f526e6f38733446576e646354633336384e3648537752616c6f744c5331507847574d5743627570484f547350555a6471734731664c4d6672616d646e584e6f6b5774386f7a35764d2b575238324d5a51304461366e5a386a49506b36586d7a643733356a2b666671666b41466d61356e786161352b646c2f333176534e4e7337333572746c712b753356764e612b75375a634a64746837374e485469786230316e362f4e612b4d31334f6945316c57686a513658376b59446e61744e6a36334e364f666e51364e664f66487a424850396579624776663366725a30584b766662386d7349384536744c5031386f6f754f3473774658434b5030655277375376624c325870597a467a61574475536165645534456b424c6a70523137544e523969746147685259533266547261746838382b57326d7547624e5847397070685235707065352f72325165314e74326a3553373962456c3561745a42692b55687177474256584a67746a71493579453062797230376c777662574b56576a7659747737756b724c4d4137786b66613031325771305768367975746d776869317248634258374f697435764d4b697a4f445a70664b55684a327455473335387a4a7162516a6e36776142395a3052316e3664386b566f613370722f31645936735a756e55676e376b714f66392b54666e58677174326e537839727961307074505a4b3850307332756876726338652b7458654e314a3438426147784b774e4b447a364a6c2b61667072662b395a4f6f6a577972593233644a354c73312f72596c36316e536448706e6d6448327366612b30527263332f336b7463532f67576938506d51316f4572344f71694e6e344a5a4445633730773953362b71706879325536456c7848513652305872437338373245573158384e556472487a566e307049725955766671576c6d7461784a315a532f646e7048666c2f543264307a6e41546633563151772b70646b7a6b372f616a6c4b2b6d6f5033766c746259507263646e57355244763956644262314b4f4e2f68536f63507a47324e38566e365865736d3439466d30665450764178724232614c73466b6165724131335a59584357716e742f56394e5330414267746177774c34545741426151677349413242426151687349413042426151687341433068425951426f434330684459414670434377674459454670434777674451454670434777414c53454668414767494c53454e6741576b494c43414e6751576b496243414e4151576b496241417449515745416141677449513241426151677349413242426151687349413042426151687341433068425951426f434330684459414670434377674459454670434777674451454670434777414c53454668414767494c53454e6741576b494c43414e6751576b386638414141442f2f3731583048706236487a304141414141456c46546b5375516d4343, '', '', '', NULL, '2023-06-16 04:47:03', 1, NULL, '2023-07-07 20:20:56'),
	(3, 'ApostOra.DST', 'Apostolado da Oração', 'R:\\B_Artes\\A\\', '', '', 2, 17, 14488, 7, 988, 1100, 0, 0, 0, _binary 0x2f396a2f34414151536b5a4a5267414241514941484141634141442f327742444142414c4441344d4368414f445134534552415447436761474259574744456a4a52306f4f6a4d3950446b7a4f4464410d0a5346784f514552585254633455473152563139695a32686e506b31786558426b6546786c5a32502f327742444152455345686756474338614769396a516a684359324e6a59324e6a59324e6a59324e6a0d0a59324e6a59324e6a59324e6a59324e6a59324e6a59324e6a59324e6a59324e6a59324e6a59324e6a59324e6a59324e6a5932502f774141524341426e414a59444153494141684542417845422f3851410d0a48774141415155424151454241514541414141414141414141414543417751464267634943516f4c2f3851417452414141674544417749454177554642415141414146394151494441415152425249680d0a4d5545474531466842794a7846444b426b61454949304b78775256533066416b4d324a7967676b4b4668635947526f6c4a69636f4b536f304e5459334f446b3651305246526b644953557054564656570d0a5631685a576d4e6b5a575a6e61476c7163335231646e643465587144684957476834694a69704b546c4a57576c35695a6d714b6a704b576d7036697071724b7a744c57327437693575734c44784d58470d0a78386a4a79744c54314e585731396a5a32754869342b546c3575666f3665727838765030396662332b506e362f38514148774541417745424151454241514542415141414141414141414543417751460d0a4267634943516f4c2f385141745245414167454342415144424163464241514141514a3341414543417845454253457842684a425551646863524d694d6f454946454b526f62484243534d7a557641560d0a596e4c524368596b4e4f456c3852635947526f6d4a7967704b6a55324e7a67354f6b4e4552555a4853456c4b55315256566c64595756706a5a47566d5a326870616e4e3064585a3365486c36676f4f450d0a6859614869496d4b6b704f556c5a61586d4a6d616f714f6b7061616e714b6d7173724f3074626133754c6d367773504578636248794d6e4b3074505531646258324e6e613475506b3565626e364f6e710d0a38765030396662332b506e362f396f4144414d4241414952417845415077446c774b4d443070777a5369754b3537517a47447853374436696e38593578696d6e41505566536c6371346d33696c5559700d0a324f4b584876526356786e54745337633037484e464b34445150616b4334504e4f412b744f78373058416a4b2f536f35674247503934667a7166765556782f7178782f455035315558715250345753450d0a636d676a696c50336a53455a715330494f2f4e47446e7055696f6344672f4d63446a7656364854504f6456575967734d354b63667a7a51324a79534d326a70365659753753577a6d4d5577473463676a0d0a6b4d505556426a6a745447745275305a6f70772b6c46467868696e72477a7571714d7378414139796158465352763563715345634977596a364770755a33304f333066534c4b7a68557062704e4d76330d0a355847546e3239425632386a743770504c7549566c6a5042424656726559782b566271416a79636774337831347a52634e4f784779564648516b49632f774136316578794b4c62757a6a645a303436640d0a6674457554457733526b395350543850384b70626561337463686279566165344a6b6a626247704764774f4d383941663656694654575574476463586f4d322b776f4b314a74704e7454636f5a742b6c0d0a4a74375a71546252746f75467950465258492f6339443934667a717a696f4c736675442f414c772f6e56526571496e384c4a434f5453592b74534d4f546d6b4970584c52752b46307435704a785048470d0a776a6a554175426a4a4a7a312b6c6144365061692b57614b395342583670757a6e365a502b4e562f446b647463365a4e6279414677784c41484459507636566f5132316e504e4545695147454652746b0d0a4766304e6157544f6557374f663851774747344d525a6e45625958504a77526e4f52307a574e58572b4b7271424c55576935456a6257436763414139632f6752584b59715a61476c4b2f4c714d4830460d0a464c74487652534e6959443270534454677070367030797755486f54554c585978636b747a7264436637586f384c502f414b79456d4d4e6a4a343664666246574a355444474e7742396c4655764456390d0a5972626659476279726a6357473838533537672b76745632365a49764d6c756d4b77776a4c5a3656305766553534795476597774627562656132574e57627a67346259516542676a384f7459654b686a0d0a7534793248517871784f4431787a786d72574151434347423645477361696b6e646d734a786569597a426f3238302f5a37556261797561584759356f49702b326c78394b4c6a4973564465442f526a2f0d0a414c792f7a71317439367233793474542f764c2f4144713450336b52503457536c655453464b6b6b4b6f4357344761714e634d78496a586a3170786a4b5430464b724743314e7277337647724b6b597a0d0a356b544172363435352f4848353130556477507452675743627a46352b59595566345677756e333978706d6f52337141534d6d51554a77475539526e742f38415772706272786862382f5a644f6d61510d0a6741475a774648355a4a7270564b566c59355a59684e366b58697532654f2f696b5a6c496c6a41414235794d3534394f6177534f4f6c50754c71652b756d754c7154664d344f534f416f374144734b680d0a686c2f63527354754a485076376d6c4b6933735654784e7447503230564a685468675351614b35326d6e5a6e5571735772706b7965557272357041424f41505531414761585543574a495348475066500d0a5038714c3742694b6e734d67343648337172627a7570626a356d5054505470585653676c4735353153707a5373584a342f4d425567594978794b707953794742594a7269563144376b527043564834560d0a6253654e4a347863686e69334465716e42492b746437463462306d4b49526a54343556626b744a6c7a6b3435352b6e365674597a7632504e77465a57424842474b564a4447564335342f6e5851654d4e0d0a4e74744c4e6b6261316a67575657446d4d38626867342f6e7a584c53536258566a3666794e4b55644e52703231527449524a47726a754d30753346513244626f647663456b66516d725732764c714c6c0d0a6b30656a43584e464d6a322f6a515639716b7853594e5263735a6971326f4933324e32436b6857584a78774f6539584d63567436686f506e366446615730776752704e7a764b446c7a362b2f307261690d0a727976324a6d394c484a61692b5a524743426a6e7237314572644178415939423631317431593263756e6262614f513346764b5a49335571476c5a4d6269577766636668563233316977764c534d33550d0a6c74355571353254755a472b68474d41313278584a4778787a6a7a79624f51744e4f7662356a396b745a4a686e42494879672b3550465833384a6179714b2f32654c4a49425554676b444139713765780d0a69747253484670477355626e64685267632b6737564e4979665a4a416f4a5a556262334934364374464a4d796c426f38736457686d594d75436e796c633977656635565554372b31636863354e5337680d0a73555a4f3552744950554833706b42444f7878786d714d395451746e2b57696c6848664861696b34334b5447335a3449795079724e566a4743735a2b646d77763656336358685347387359704a4c75640d0a4a4a4977784368646f4a476359782f576b673844616641346b6e764c6951722f414c716a2b5651704b773346746e464666766269534d675a4a362f6a5870326e336439635152425446734b44393645500d0a6f4f7850552f38413638565674626252744d566e746265504b444c5453484a482f416a2f414571485476453636727137325675674d4d63625347546e4c34774d41666a54356e30487957334c2b7336620d0a626178614a42647a4e2b37626372786b4168756e30727a33564e43763765376c6769676b6e57493433784c75366a6a4948546a745871666b705047565973426b676854696b677359494e2f6c686758620d0a63784c6b6b6e702f5368637a5137787459387674456d686b6a387947524275436e656855636e486356746d77664a2f6651386537662f45313274785a57393143305536623432786c5354324f522f4b6f0d0a426f31674d2f755735352f316a6634316e4f697075374c685635465a4849477a49367a776a2f76722f436b2b797233755966384178372f4375746251644d623731746e2f414c614e2f6a536638492f700d0a582f506f502b2b322f7741616e3672417236777a6b57743049492b3152632f374c6634566431656543534b4262645a44645368596f695a4e6f7966593130502f41416a326c663841506d502b2b322f780d0a6f50682f536a4b7370736f7a49754e725a4f526a7033716f304648595062334f5a7437616533537a6a7549747369525341676e63636c2f55412b335131794e6a4b4c52345a5a595935564437746b76330d0a57774f2f2b653165765070396e49323537614a6d3662696f7a317a312b74592b733648706c6e6f74395062574d4d6371774f46634c794f4f31624a574d5a53544f5048692b3977336d6f73726c7964320d0a396c436a30326739502f3165396133687a7841626c32696b5a526364517565484874376a38363459385a3449346f527a47367572465755354248424237484e4a7854464762523668653656706d74676d0d0a654c79357a775a492f6c6238665838617a49764255555448646653465034517359422f484e5a2b6b2b4b456e5259373568484f76416b364b2f763748394b367979766c6e51426d445a3647736e7a52300d0a4e306f7931527a4f74614e2f593174484e464f3036752b7a59793449344a7a78394b4b76654a626c58756f7264534745533562366e2f3632507a6f724b566470324c6a51545679577a38555745576c710d0a6a53677978664a7436456764447a575464654c495a474f377a48492f6856616a476d5757502b50574c3871776c414955527268704d4148484a4137317052635a72546f5a7a636f45756f366865616b410d0a47486b323435435a362f58317150544c713430712b57357432517962537044416b45456335352f7a696c6b356b32723931654b684c447a577a32727073637a626275656d6544373666554e47383635490d0a4d6979736d514d5a414177613361356a34667475304279502b66682f3543756c6b4c4c4737494e7a68535648716531466833754f6f716e397151517879686e646d484978774f6d535232785131334b440d0a4b6f69425a4f56394a426e743730374d5679355257644e647937775247663362664d696e6e4f316a672b7659303357584c614a4f336d6851323062307a7770596630716c473753376963724a733038550d0a5677756d67432b596951796556745a48353637687a6a3861534c3934396f4768452f327635704a43446b6b735177424843342f2b765851384c5a3275597878436176593775732f7843636142666e30680d0a622b565030626e53726239345a4d4a674f65636a31726c2f476669645545326b326779352b5365516a67412f776a33726c6173326a64616f343871726a4c41476b534b506b34476331574d6a3932492b0d0a6c494a6e55384f667850576f35696e426f6b6d7451546d4d344f4f683731623071367662466d574362617848797151474150305054384b6853547a56796f356f63534b41355666544f546d71736d52640d0a706c3939586a507a54687a4b337a4f654f5365766569724e6d6b67672f6649705973546b594f527852586d7a6c546a4a7178364556556355376d686b4b437a64414b35395149397a59787447316659550d0a55567467746d59346e5a456138416b396171467633726653696975316e4d65696644762f414a462b542f7234662b517271714b4b51777a51656e4e46464d434f4b4649674e755468646f4a354f50536b0d0a7562654b367433676e5864473477777a696969692f55544b4d4f673664627a4a4c4645346453435033724564654f4d38383035744473474d7679536753735336724d36676b3965416355555666745a740d0a33757956474e746875713345656936444b3848377352523759754d674874586b6338727a544e4c4d3236527957592b70373055566e4c5930694573556970473772685a426c446b63314867596f6f724d0d0a3048777942584765526a6d726355684d67326768657a642f2f7255555663544b573573326a5a74592f5144614f4b4b4b4b386970386250526a384b502f396b3d, '', '', '', NULL, '2023-06-16 04:39:57', 1, '0000-00-00 00:00:00', '0000-00-00 00:00:00'),
	(4, 'MensPrime.DST', '', 'C:\\bordados\\MensPrime.DST', '', '', 2, 0, 0, 0, 0, 0, 0, 0, 0, _binary '', '', '', '', NULL, NULL, 1, '2023-07-07 02:51:01', NULL);
/*!40000 ALTER TABLE `bordado` ENABLE KEYS */;

-- Copiando estrutura para tabela ccb_beego.catalogo
CREATE TABLE IF NOT EXISTS `catalogo` (
  `id` int(11) NOT NULL AUTO_INCREMENT,
  `nome` varchar(255) COLLATE utf8mb4_unicode_ci NOT NULL DEFAULT '',
  `seq` int(11) NOT NULL DEFAULT '0',
  PRIMARY KEY (`id`)
) ENGINE=InnoDB AUTO_INCREMENT=4 DEFAULT CHARSET=utf8mb4 COLLATE=utf8mb4_unicode_ci;

-- Copiando dados para a tabela ccb_beego.catalogo: ~2 rows (aproximadamente)
/*!40000 ALTER TABLE `catalogo` DISABLE KEYS */;
INSERT INTO `catalogo` (`id`, `nome`, `seq`) VALUES
	(1, 'Jalecos', 0),
	(2, 'Casa das Fardas', 0),
	(3, 'Arnaldo', 0);
/*!40000 ALTER TABLE `catalogo` ENABLE KEYS */;

-- Copiando estrutura para tabela ccb_beego.catalogo_bordado_rel
CREATE TABLE IF NOT EXISTS `catalogo_bordado_rel` (
  `id` int(11) NOT NULL AUTO_INCREMENT,
  `catalogo_id` int(11) NOT NULL,
  `bordado_id` int(11) NOT NULL,
  `criado_em` datetime NOT NULL,
  PRIMARY KEY (`id`)
) ENGINE=InnoDB AUTO_INCREMENT=91 DEFAULT CHARSET=utf8mb4 COLLATE=utf8mb4_unicode_ci;

-- Copiando dados para a tabela ccb_beego.catalogo_bordado_rel: ~3 rows (aproximadamente)
/*!40000 ALTER TABLE `catalogo_bordado_rel` DISABLE KEYS */;
INSERT INTO `catalogo_bordado_rel` (`id`, `catalogo_id`, `bordado_id`, `criado_em`) VALUES
	(73, 1, 3, '2023-07-05 19:22:20'),
	(74, 3, 3, '2023-07-05 19:22:20'),
	(90, 1, 1, '2023-07-07 20:20:56');
/*!40000 ALTER TABLE `catalogo_bordado_rel` ENABLE KEYS */;

-- Copiando estrutura para tabela ccb_beego.cliente
CREATE TABLE IF NOT EXISTS `cliente` (
  `id` int(11) NOT NULL AUTO_INCREMENT,
  `nome` varchar(255) COLLATE utf8mb4_unicode_ci NOT NULL DEFAULT '',
  `contato_funcao` varchar(255) COLLATE utf8mb4_unicode_ci DEFAULT '',
  `contato_nome` varchar(255) COLLATE utf8mb4_unicode_ci DEFAULT '',
  `cgc_cpf` varchar(255) COLLATE utf8mb4_unicode_ci DEFAULT NULL,
  `razao_social` varchar(255) COLLATE utf8mb4_unicode_ci DEFAULT '',
  `inscr_estadual` varchar(255) COLLATE utf8mb4_unicode_ci DEFAULT NULL,
  `endereco` varchar(255) COLLATE utf8mb4_unicode_ci DEFAULT '',
  `cidade` varchar(255) COLLATE utf8mb4_unicode_ci NOT NULL DEFAULT '',
  `uf` varchar(255) COLLATE utf8mb4_unicode_ci DEFAULT '',
  `cep` varchar(255) COLLATE utf8mb4_unicode_ci DEFAULT '',
  `telefone_1` varchar(255) COLLATE utf8mb4_unicode_ci DEFAULT '',
  `telefone_2` varchar(255) COLLATE utf8mb4_unicode_ci DEFAULT '',
  `telefone_3` varchar(255) COLLATE utf8mb4_unicode_ci DEFAULT '',
  `email` varchar(255) COLLATE utf8mb4_unicode_ci DEFAULT '',
  `obs` varchar(255) COLLATE utf8mb4_unicode_ci DEFAULT '',
  `criado_em` datetime DEFAULT NULL,
  `alterado_em` datetime DEFAULT NULL,
  `estado` int(11) NOT NULL DEFAULT '0',
  `preco_base` double DEFAULT '0',
  PRIMARY KEY (`id`)
) ENGINE=InnoDB AUTO_INCREMENT=31 DEFAULT CHARSET=utf8mb4 COLLATE=utf8mb4_unicode_ci;

-- Copiando dados para a tabela ccb_beego.cliente: ~28 rows (aproximadamente)
/*!40000 ALTER TABLE `cliente` DISABLE KEYS */;
INSERT INTO `cliente` (`id`, `nome`, `contato_funcao`, `contato_nome`, `cgc_cpf`, `razao_social`, `inscr_estadual`, `endereco`, `cidade`, `uf`, `cep`, `telefone_1`, `telefone_2`, `telefone_3`, `email`, `obs`, `criado_em`, `alterado_em`, `estado`, `preco_base`) VALUES
	(1, 'José Alves de Gouveia', '', '', '', '', '', 'Rua Dr. José Luciano Siqueira, 158 - Suissa', 'Aracaju', 'SE', '49050566', '98801-5232', '', '', 'gouveia32@gmail.com', '', '2023-05-08 03:16:51', '2023-06-14 02:50:35', 1, 0),
	(2, 'GLOBO DISTRIBUIDORA BROKER LOG. LTDA', '', ' ', '13006150/0001-54', '', '', 'RUA O, 17, DIA', '', '--', '', '', '', '', '', '', NULL, '2023-06-14 02:50:54', 1, 0),
	(3, 'Virgínia [ Iran]', '', ' ', '', '', '', '', '', '--', '', '', '', '', '', '', NULL, '2023-06-14 03:06:07', 1, 0),
	(4, 'SENAC', 'Proprietáro', 'Carlos', '0365.4618/0001-63', 'SERVICO NACIONAL DE APRENDIZAGEM COMERCIAL - SENAC', '', 'Av. Ivo do Prado, B.São José,564', 'Aracaju', 'SE', '     -', '3217-6028', '', '', '', '', NULL, '2023-06-14 03:06:14', 1, 0),
	(5, '3R Confecções Ltda', '', 'Rivaldo/Graça ', '', '', '', 'Praça Clodoaldo Alencar,s/n sala3 e 4 Leite Neto', '', '--', '', '231-1284', '', '', '', '', NULL, '2023-05-08 04:41:53', 1, 0),
	(6, 'A Suprema Com. e Ind Ltda', '', 'Regina ', '', '', '', 'Rua Laranjeiras, 58 - Centro', 'Aracaju', 'SE', '', '79 231-5241', '', '', '', '', NULL, '2023-05-10 04:07:47', 1, 0),
	(8, 'AMANDA SIQUEIRA DE LIMA', '', 'FÁBIO ', '05794150/0001-38', '', '', 'RUA LUIZ CHARGAS , 44A ATALAIA', 'ARACAJU', 'SE', '', '', '', '', '', '', NULL, '2023-05-08 04:43:25', 1, 0),
	(9, 'ANARTE', '', 'ANA ', '13.131.222/0001-95', '', '', 'Av. Hermes Fontes, 1324', '', '--', '     -', '99648-8000', '00248-1918', '', '', '', NULL, '2023-05-10 01:22:22', 1, 0),
	(10, 'Academia Maynara', 'Gerente', 'João Batista ', '', '', '', '', '', '--', '', '251-3034', '', '', '', '', NULL, '2023-05-10 02:48:04', 1, 0),
	(11, 'ELZA IMPERATRIZ BATALHA DE GOIS (Passo a Passo)', '', 'Elzinha ', '32.711.913/0001-02', '', '', 'Av. Jorge Amado, 1055 Galeria Espaço 1055,  - Sl 404, B. Jard', 'Aracaju', 'SE', '     -', '32461-500', '99817-299', '     -', 'academiapassoapasso@hotmail.com', '', NULL, '2023-05-09 05:57:43', 1, 0),
	(12, 'Academia Winner', '', 'Bárbara Salomé Costa Pinto', '', NULL, '', 'Av. Mário Jorge Menezes Vieira, 2266 - Corôa do Meio', 'Aracaju', 'Se', '', '255-2562', '9939-9099', NULL, '', '', NULL, NULL, 1, 0),
	(13, 'Acadêmia Galpão', '', 'Marcos ', '', '', '', 'Rua- Euclides Paes Mendonça, 66 B. 13 de Julho', 'Aracaju', '--', '', '', '', '', '', '', NULL, '2023-05-08 04:42:40', 1, 0),
	(14, 'Acàcia Da Ligue taxi', '99540420', ' ', '', '', '', '', '', '--', '', '', '', '', '', '', NULL, '2023-05-08 04:42:48', 1, 0),
	(15, 'Agropecuária Aquidabã Ltda', '', ' ', '03912192/0001-09', NULL, '127101198', 'Praça da Bandeira Centro,8', 'Aquidabã', 'SE', '', '', '', NULL, '', '', NULL, NULL, 1, 0),
	(16, 'Agropecuária Vetri Campos Ltda', '', ' ', '32835084/0001-17', NULL, '127681609-7', 'Rua Arquibaldo da Silveira ,36', 'Propriá', 'SE', '', '', '', NULL, '', '', NULL, NULL, 1, 0),
	(17, 'Algo Mais Confecções', '', '', '17.449.050/0001-53', 'AGPX INDUSTRIA & COMERCIO EIRELI EPP', '27110162-8', 'Rua Engenheiro Marcondes Ferraz, 33 ( ao lado da Energisa)', 'Aracaju', 'SE', '     -', '3217-1726', '', '', 'financeiro@algomaisse.com.br', 'OBS  ENTREGA DE PEÇAS EM PRODUÇÃO\r\n\r\nBORDADO COM 6.000 PONTOS , 5 CORES\r\n\r\nPRODUZIMOS  MAIS OU MENOS 800 PEÇAS POR SEMANA ! \r\n\r\n algomais@infonet.com.br \r\n', NULL, NULL, 1, 0),
	(18, 'Almerinda Jardins Artigos Vestuários Ltda', '', 'Magna ', '093752430001-89', '', '', 'Av. Jorge Amado / 1519 (Bairro Jardins)', 'Aracaju', 'SE', '49025-300', '     -', '     -', '     -', 'almerindajardins@hotmail.com', 'almerindajardins@hotmail.com\r\nReajuste dia 01/12/2017( entre 10 a 9%)', NULL, '2023-05-08 04:42:32', 1, 0),
	(19, 'Alvair Santana Teodoro', '', 'Alvair ', '189696665-91', NULL, '', 'Travesa Ana Célia    No  96    Bairro Bugio', 'Aracaju', 'SE', '49090010', '3252-3038', '', '', '', 'michelcircuitos@yahoo.com.br', NULL, NULL, 1, 0),
	(21, 'Alves Barreto Comercio e Construções Ltda', '', 'Antônio Carlos ', '13004833/0001-15', '', '', 'Rua Manoel de Oliveira Martins /155A', 'Aracaju', 'SE', '', '2107-2623/2600', '', '', '', 'antoniocarlos@alvesbarreto.com.br', NULL, '2023-06-14 04:00:50', 1, 0),
	(22, 'Alves Barreto Comércio e Construções Ltda', '', ' ', '13.004.833/0001-72', NULL, '27.063.247-3', 'Rua Manoel de Oliveira Martins, 155', '', '', '', '', '', NULL, '', '', NULL, NULL, 1, 0),
	(23, 'Amv Industria Comércio e Serviços de Confecções Ltda', '', ' ', '07646422/0001-88', NULL, '', 'Av. Antônio Fagundes/ Numero 150', 'Aracaju', 'SE', '', '', '', NULL, '', '', NULL, NULL, 1, 0),
	(24, 'Ana Paula', '', 'Ana Paula ', '', NULL, '', 'Rua dr. José Luciano siqueira, 206 - Antares Apto 103', 'Aracaju', 'Se', '', '224-4524', '', NULL, '', '', NULL, NULL, 1, 0),
	(25, 'Andre  Amigo de monica da Dal', '', ' ', '', NULL, '', '', '', '', '', '', '', NULL, '', '', NULL, NULL, 1, 0),
	(26, 'Angel Indústria Comércio de confecções Ltda.', 'Gerente', 'Angélica ', '', NULL, '', 'Av Carlos Burlamarque, 226 - Centro', 'Aracaju', 'Se', '', '', '', NULL, '', '', NULL, NULL, 1, 0),
	(27, 'Antonio  do KM', '', ' ', '', NULL, '', '', '', '', '', '', '', NULL, '', '', NULL, NULL, 1, 0),
	(28, 'Apple Confecções', '', 'Paulo ', '', '', '', 'Rua João Avila Neto ,54', 'ARACAJU', 'SE', '     -', '23101-54', '99981-7294', '     -', '', 'Próximo a Coca-Cola e ao Extra', NULL, '2023-05-08 05:11:41', 1, 0),
	(29, 'Aracaju Plei Antonio', '', ' ', '', NULL, '', '', '', '', '', '', '', NULL, '', '', NULL, NULL, 1, 0),
	(30, 'Aragão Alfaiataria', '', ' ', '', '', '', 'Rua Campo do Brito / 1362', '', '--', '', '', '', '', '', '\r\naragaoalfaiate@gmail.com', NULL, '2023-05-09 06:01:57', 1, 0);
/*!40000 ALTER TABLE `cliente` ENABLE KEYS */;

-- Copiando estrutura para tabela ccb_beego.fornecedor
CREATE TABLE IF NOT EXISTS `fornecedor` (
  `id` int(11) NOT NULL AUTO_INCREMENT,
  `nome` varchar(255) COLLATE utf8mb4_unicode_ci NOT NULL DEFAULT '',
  `contato_funcao` varchar(255) COLLATE utf8mb4_unicode_ci NOT NULL DEFAULT '',
  `contato_nome` varchar(255) COLLATE utf8mb4_unicode_ci NOT NULL DEFAULT '',
  `cgc_cpf` varchar(255) COLLATE utf8mb4_unicode_ci NOT NULL DEFAULT '',
  `razao_social` varchar(255) COLLATE utf8mb4_unicode_ci NOT NULL DEFAULT '',
  `inscr_estadual` varchar(255) COLLATE utf8mb4_unicode_ci DEFAULT '',
  `endereco` varchar(255) COLLATE utf8mb4_unicode_ci NOT NULL DEFAULT '',
  `cidade` varchar(255) COLLATE utf8mb4_unicode_ci NOT NULL DEFAULT '',
  `uf` varchar(255) COLLATE utf8mb4_unicode_ci NOT NULL DEFAULT '',
  `cep` varchar(255) COLLATE utf8mb4_unicode_ci NOT NULL DEFAULT '',
  `telefone_1` varchar(255) COLLATE utf8mb4_unicode_ci NOT NULL DEFAULT '',
  `telefone_2` varchar(255) COLLATE utf8mb4_unicode_ci NOT NULL DEFAULT '',
  `telefone_3` varchar(255) COLLATE utf8mb4_unicode_ci NOT NULL DEFAULT '',
  `email` varchar(255) COLLATE utf8mb4_unicode_ci NOT NULL DEFAULT '',
  `obs` varchar(255) COLLATE utf8mb4_unicode_ci NOT NULL DEFAULT '',
  `criado_em` datetime NOT NULL,
  `alterado_em` datetime NOT NULL,
  `estado` int(11) NOT NULL DEFAULT '0',
  PRIMARY KEY (`id`)
) ENGINE=InnoDB AUTO_INCREMENT=2 DEFAULT CHARSET=utf8mb4 COLLATE=utf8mb4_unicode_ci;

-- Copiando dados para a tabela ccb_beego.fornecedor: ~1 rows (aproximadamente)
/*!40000 ALTER TABLE `fornecedor` DISABLE KEYS */;
INSERT INTO `fornecedor` (`id`, `nome`, `contato_funcao`, `contato_nome`, `cgc_cpf`, `razao_social`, `inscr_estadual`, `endereco`, `cidade`, `uf`, `cep`, `telefone_1`, `telefone_2`, `telefone_3`, `email`, `obs`, `criado_em`, `alterado_em`, `estado`) VALUES
	(1, 'Barudan do Brasil', '', 'Rcardo', '', '', '', '', '', 'RJ', '', '', '', '', '', 'Fornecedor de Máquinas e Peças.', '2023-06-14 03:07:38', '2023-06-14 03:58:23', 1);
/*!40000 ALTER TABLE `fornecedor` ENABLE KEYS */;

-- Copiando estrutura para tabela ccb_beego.grupo
CREATE TABLE IF NOT EXISTS `grupo` (
  `id` int(11) NOT NULL AUTO_INCREMENT,
  `nome` varchar(255) COLLATE utf8mb4_unicode_ci NOT NULL DEFAULT '',
  `seq` int(11) NOT NULL DEFAULT '0',
  PRIMARY KEY (`id`)
) ENGINE=InnoDB AUTO_INCREMENT=41 DEFAULT CHARSET=utf8mb4 COLLATE=utf8mb4_unicode_ci;

-- Copiando dados para a tabela ccb_beego.grupo: ~14 rows (aproximadamente)
/*!40000 ALTER TABLE `grupo` DISABLE KEYS */;
INSERT INTO `grupo` (`id`, `nome`, `seq`) VALUES
	(2, 'Animais', 0),
	(5, 'Brasões', 0),
	(6, 'Catálogo', 0),
	(7, 'Faculdades e Universidades', 0),
	(8, 'Clinicas e Hospitais', 0),
	(9, 'Escolas e Colégios', 0),
	(11, 'Simbolos', 0),
	(13, 'Esportes', 0),
	(15, 'Mascotes Flores Ramos', 0),
	(23, 'Logos e Marcas', 0),
	(24, 'Militar', 0),
	(26, 'Nomes', 0),
	(39, 'Outros', 0),
	(40, 'Ligas', 0);
/*!40000 ALTER TABLE `grupo` ENABLE KEYS */;

-- Copiando estrutura para tabela ccb_beego.linha
CREATE TABLE IF NOT EXISTS `linha` (
  `codigo` varchar(255) COLLATE utf8mb4_unicode_ci NOT NULL,
  `nome` varchar(255) COLLATE utf8mb4_unicode_ci NOT NULL DEFAULT '',
  `material_nome` varchar(255) COLLATE utf8mb4_unicode_ci NOT NULL DEFAULT '',
  `material_fabricante` varchar(255) COLLATE utf8mb4_unicode_ci NOT NULL DEFAULT '',
  `material_ipo` varchar(255) COLLATE utf8mb4_unicode_ci NOT NULL DEFAULT '',
  `cor_hex` varchar(255) COLLATE utf8mb4_unicode_ci NOT NULL DEFAULT '',
  `estoque_1` int(11) NOT NULL DEFAULT '0',
  `estoque_2` int(11) NOT NULL DEFAULT '0',
  `minimo` int(11) NOT NULL DEFAULT '0',
  `pedido` int(11) NOT NULL DEFAULT '0',
  `estado` tinyint(4) NOT NULL DEFAULT '0',
  `new` tinyint(1) NOT NULL DEFAULT '0',
  `material_tipo` varchar(255) COLLATE utf8mb4_unicode_ci NOT NULL DEFAULT '',
  `cor` int(11) DEFAULT NULL,
  PRIMARY KEY (`codigo`)
) ENGINE=InnoDB DEFAULT CHARSET=utf8mb4 COLLATE=utf8mb4_unicode_ci;

-- Copiando dados para a tabela ccb_beego.linha: ~267 rows (aproximadamente)
/*!40000 ALTER TABLE `linha` DISABLE KEYS */;
INSERT INTO `linha` (`codigo`, `nome`, `material_nome`, `material_fabricante`, `material_ipo`, `cor_hex`, `estoque_1`, `estoque_2`, `minimo`, `pedido`, `estado`, `new`, `material_tipo`, `cor`) VALUES
	('01', 'Amarelo', 'Zenite', 'Zenite', '', 'FF8000', 3, 0, 0, 0, 1, 0, '', -32768),
	('1406', 'AZUL', '', 'ZENITE', '', '004080', 0, 0, 0, 0, 1, 0, '', -16760704),
	('2007', 'Vermelho', '', 'Zenit', '', 'FF0000', 4, 0, 2, 0, 1, 0, '', -65536),
	('2018', 'Azul Claro', 'Zenit', 'Zenit', '', '0FCEF0', 0, 0, 0, 0, 1, 0, '', -15741200),
	('2044', 'Laranja', 'Zenite', 'Zenite', '', 'D96C00', 6, 0, 0, 0, 1, 0, '', -2528256),
	('2053', 'BEGE', '', 'ZENITE', '', 'FFFF80', 3, 0, 2, 0, 1, 0, '', -128),
	('2093', 'AZUL ESVERDEADO', '', 'ZENITE', '', '00FDFD', 0, 0, 0, 0, 1, 0, '', -16712195),
	('2151', 'Rosa Goiaba', '', 'Zenite', '', 'FF9797', 0, 0, 0, 0, 1, 0, '', -26729),
	('2219', 'Amarelo Claro', 'Zenite', 'Zenite', '', 'FFFF80', 0, 0, 0, 0, 1, 0, '', -128),
	('2227', 'AZUL ESCURO', '', 'ZENITE', '', '004080', 0, 0, 0, 0, 1, 0, '', -16760704),
	('2228', 'Verde ', '', 'Zenite', '', '000000', 5, 0, 2, 0, 1, 0, '', -16777216),
	('2242', 'AZUL PISCINA', '', 'ZENITE', '', '80FFFF', 0, 0, 0, 0, 1, 0, '', -8323073),
	('2259', 'Azul', '', 'Zenite', '', '00FFFF', 6, 0, 0, 0, 1, 0, '', -16711681),
	('2587', 'Verde cana', 'Sylko', 'Corrente', '', '00D500', 0, 0, 0, 0, 1, 0, '', -16722688),
	('306', 'Cinza claro', 'Neon', 'Neon', '', '808080', 0, 0, 0, 0, 1, 0, '', -8355712),
	('5000', 'Bege Cru', 'Lumina', 'Setta', '', 'FFFFCC', 5, 0, 2, 0, 1, 0, 'poliester', -52),
	('5002', 'Rosinha', 'Lumina', 'Setta', '', 'FFC6E2', 4, 0, 3, 0, 1, 0, '', -14622),
	('5003', 'Rosinha', 'Lumina', 'Setta', '', 'FFAED7', 8, 0, 3, 0, 1, 0, '', -20777),
	('5004', 'Rosa', 'Lumina', 'Setta', '', 'FF84C1', 3, 0, 2, 0, 1, 0, '', -31551),
	('5005', 'Rosa', 'Lumina', 'Setta', '', 'FF80C0', 5, 0, 3, 0, 1, 0, '', -32576),
	('5006', 'Rosa escuro', 'Lumina', 'Setta', '', 'BC4343', 4, 0, 3, 0, 1, 0, '', -4439229),
	('5007', 'Vermelho', 'Lumina', 'Setta', '', 'DC2343', 9, 0, 3, 0, 1, 0, '', -2350269),
	('5009', 'Vinho', 'Lumina', 'Setta', '', '9B0000', 0, 0, 0, 0, 1, 0, '', -6619136),
	('5010', 'Roxo Escuro', 'Lumina', 'Setta', '', '400080', 5, 0, 0, 0, 1, 0, '', -12582784),
	('5011', 'Rosinha', 'Lumina', 'Setta', '', 'FFBBDD', 5, 0, 0, 0, 1, 0, '', -17443),
	('5012', 'Roxinho', 'Lumina', 'Setta', '', '9D004F', 5, 0, 3, 0, 1, 0, '', -6487985),
	('5013', 'Lilás', 'Lumina', 'Setta', '', '6942AA', 3, 0, 2, 0, 1, 0, '', -9878870),
	('5014', 'Roxo', 'Lumina', 'Setta', '', '800080', 4, 0, 2, 0, 1, 0, '', -8388480),
	('5015', 'Azul', 'Lumina', 'Setta', '', '88A9F7', 4, 0, 3, 0, 1, 0, '', -7820809),
	('5016', 'Azul', 'Lumina', 'Setta', '', '61789E', 0, 0, 0, 0, 1, 0, '', -10389346),
	('5018', 'Azul', 'Lumina', 'Setta', '', '019FFE', 6, 0, 3, 0, 1, 0, '', -16670722),
	('5019', 'azul', 'setta', 'Luminia', '', '0080C0', 4, 0, 3, 0, 1, 0, '', -16744256),
	('5020', 'Azul', 'Lumina', 'Setta', '', '00468C', 9, 0, 5, 0, 1, 0, '', -16759156),
	('5021', 'Azul', 'Lumina', 'Setta', '', '330066', 16, 0, 5, 0, 1, 0, '', -13434778),
	('5022', 'Azul', 'Lumina', 'Setta', '', '5A6FA5', 4, 0, 0, 0, 1, 0, '', -10850395),
	('5023', 'Azul', 'Lumina', 'Setta', '', '00366C', 8, 0, 3, 0, 1, 0, '', -16763284),
	('5024', 'Azul', 'Lumina', 'Setta', '', '000040', 4, 0, 3, 0, 1, 0, '', -16777152),
	('5025', 'Verdinho', 'Lumina', 'Setta', '', 'C6FFC6', 9, 0, 3, 0, 1, 0, '', -3735610),
	('5026', 'Verde', 'Lumina', 'Setta', '', '61B13A', 6, 0, 2, 0, 1, 0, '', -10374854),
	('5027', 'Verde', 'Lumina', 'Setta', '', '005300', 16, 0, 5, 0, 1, 0, '', -16755968),
	('5028', 'Verde', 'Lumina', 'Setta', '', '003700', 12, 0, 5, 0, 1, 0, '', -16763136),
	('5029', 'Amarelo Claro', '', 'Setta', '', 'FFFF80', 3, 0, 2, 0, 1, 0, '', -128),
	('5031', 'Marrom Escuro', 'Poliester', 'Setta', '', '400000', 6, 0, 3, 0, 1, 0, '', -12582912),
	('5032', 'Amarelo ouro', 'Lumina', 'Setta', '', 'F8CA6B', 4, 0, 2, 0, 1, 0, '', -472469),
	('5034', 'Dourado', 'Lumina', 'Setta', '', '91732F', 3, 0, 1, 0, 1, 0, '', -7245009),
	('5035', 'Ferruge', 'Lumina', 'Setta', '', 'A73301', 0, 0, 0, 0, 1, 0, '', -5819647),
	('5036', 'Vermelha', 'Lumina', 'Setta', '', 'B63701', 6, 0, 2, 0, 1, 0, '', -4835583),
	('5038', 'Bege', 'Lumina', 'Setta', '', 'B1AA94', 5, 0, 3, 0, 1, 0, '', -5133676),
	('5039', 'Bege', 'Poliester', 'Seta', '', 'EBD5AB', 4, 0, 2, 0, 1, 0, 'Lumina', -1321557),
	('5040', 'Pele Rosa', 'Lumina', 'Setta', '', 'FF8080', 5, 0, 3, 0, 1, 0, '', -32640),
	('5042', 'Marron', 'Lumina', 'Setta', '', '753A00', 8, 0, 3, 0, 1, 0, '', -9094656),
	('5043', 'Marron claro', 'Lumina', 'Setta', '', '804040', 6, 0, 3, 0, 1, 0, '', -8372160),
	('5044', 'Marron', 'Lumina', 'Setta', '', '482F3E', 9, 0, 3, 0, 1, 0, '', -12046530),
	('5045', 'Cinza', 'Lumina', 'Setta', '', '818EAD', 7, 0, 3, 0, 1, 0, '', -8286547),
	('5046', 'Cinza', 'Lumina', 'Setta', '', '5B6A71', 4, 0, 2, 0, 1, 0, '', -10786191),
	('5047', 'Grafite', 'Lumina', 'Setta', '', '4A4251', 5, 0, 3, 0, 1, 0, '', -11910575),
	('5048', 'Verde', 'Lumina', 'Setta', '', '23FCCB', 7, 0, 3, 0, 1, 0, '', -14418741),
	('5049', 'Ouro', 'Lumina', 'Setta', '', 'E19A4A', 7, 0, 0, 0, 1, 0, '', -1992118),
	('5050', 'Verde Claro', 'Lumina', 'Setta', '', '6FDD00', 5, 0, 3, 0, 1, 0, '', -9446144),
	('5051', 'Amarelo 2', 'Lumina', 'Setta', '', 'FEEB01', 10, 0, 3, 0, 1, 0, '', -70911),
	('5052', 'Laranja claro', 'Lumina', 'Setta', '', 'FCA503', 18, 0, 2, 0, 1, 0, '', -219901),
	('5053', 'Bege Claro', 'Poliester', 'Setta', '', 'EFDFBA', 6, 0, 3, 0, 1, 0, '', -1056838),
	('5054', 'Verde', 'Lumina', 'Setta', '', '037900', 6, 0, 3, 0, 1, 0, '', -16549632),
	('5057', 'Pele', 'Lumina', 'Setta', '', 'FBA284', 4, 0, 0, 0, 1, 0, '', -286076),
	('5058', 'Amarelo Canário', 'Lumina', 'Setta', '', 'FFFF17', 16, 0, 5, 0, 1, 0, '', -233),
	('5059', 'Lilás', 'Lumina', 'Setta', '', 'D5AAFF', 3, 0, 2, 0, 1, 0, 'poliester', -2774273),
	('5060', 'Verde', 'Lumina', 'Setta', '', '008000', 4, 0, 3, 0, 1, 0, '', -16744448),
	('5061', 'Azul', 'Lumina', 'Setta', '', '004080', 12, 0, 5, 0, 1, 0, '', -16760704),
	('5062', 'Vinho', 'Lumina', 'Setta', '', '710000', 0, 0, 0, 0, 1, 0, '', -9371648),
	('5063', 'Verde', 'Lumina', 'Setta', '', '85B31A', 9, 0, 3, 0, 1, 0, '', -8015078),
	('5064', 'Cinza', 'Lumina', 'Setta', '', '4D6C73', 4, 0, 2, 0, 1, 0, '', -11703181),
	('5066', 'vermelho escuro', 'Lumina', 'Setta', '', 'D32C2C', 16, 0, 5, 0, 1, 0, '', -2937812),
	('5067', 'Verde bandeira', 'Lumina', 'Setta', '', '009F00', 6, 0, 3, 0, 1, 0, '', -16736512),
	('5068', 'Salmon', 'Lumina', 'Setta', '', 'FFC68C', 0, 0, 0, 0, 1, 0, '', -14708),
	('5069', 'Verde', 'Lumina', 'Setta', '', '00B000', 4, 0, 3, 0, 1, 0, '', -16732160),
	('5070', 'Verde claro', 'Lumina', 'Setta', '', '71FDAC', 4, 0, 2, 0, 1, 0, '', -9306708),
	('5071', 'Rosa', 'Lumina', 'Setta', '', 'FF9BCD', 0, 0, 0, 0, 1, 0, '', -25651),
	('5072', 'Azul', 'Lumina', 'Setta', '', '0060FF', 15, 0, 5, 0, 1, 0, '', -16752385),
	('5074', 'Marron escuro', 'Lumina', 'Setta', '', '542C2C', 15, 0, 5, 0, 1, 0, '', -11260884),
	('5075', 'Verde', 'Setta', 'Lumina', '', '008000', 13, 0, 5, 0, 1, 0, '', -16744448),
	('5076', 'Azul', 'Lumina', 'Setta', '', '98C6DC', 0, 0, 0, 0, 1, 0, '', -6764836),
	('5077', 'Cinza', 'Lumina', 'Setta', '', '8A8A8A', 0, 0, 0, 0, 1, 0, '', -7697782),
	('5078', 'Vinho escuro', 'Lumina', 'Setta', '', '640000', 7, 0, 3, 0, 1, 0, '', -10223616),
	('5079', 'Rosinha', 'Lumina', 'Setta', '', 'FFBFDF', 0, 0, 0, 0, 1, 0, '', -16417),
	('5081', 'Rosinha', 'Lumina', 'Setta', '', 'FFDFDF', 0, 0, 0, 0, 1, 0, '', -8225),
	('5082', 'Grafite', 'Lumina', 'Setta', '', '565A63', 7, 0, 3, 0, 1, 0, '', -11117981),
	('5083', 'Dourado', 'Lumina', 'Setta', '', 'AC9859', 5, 0, 3, 0, 1, 0, '', -5466023),
	('5085', 'Azul bebê', 'Lumina', 'Setta', '', 'B0E6FF', 5, 0, 3, 0, 1, 0, '', -5183745),
	('5086', 'Lilás', 'Lumina', 'Setta', '', '859BB6', 18, 0, 3, 0, 1, 0, '', -8021066),
	('5087', 'Rosa + forte', 'Lumina', 'Setta', '', 'D20069', 7, 0, 3, 0, 1, 0, '', -3014551),
	('5088', 'Verde b/ escuro', 'Lumina', 'Setta', '', '001A00', 7, 0, 3, 0, 1, 0, '', -16770560),
	('5089', 'Cinza', 'Lumina', 'Setta', '', 'AFCBDA', 9, 0, 3, 0, 1, 0, '', -5256230),
	('5091', 'Lilás', 'Lumina', 'Setta', '', 'C891FF', 5, 0, 3, 0, 1, 0, 'poliester', -3632641),
	('5093', 'Azul', 'Luimina', 'Setta', '', '44CFFD', 5, 0, 3, 0, 1, 0, 'poliester', -12267523),
	('5094', 'Laranja', 'Lumina', 'Setta', '', 'F88147', 9, 0, 3, 0, 1, 0, '', -491193),
	('5095', 'Laranjado', 'Lumina', 'Setta', '', 'FF8000', 6, 0, 3, 0, 1, 0, '', -32768),
	('5096', 'Bege', 'Lumina', 'Setta', '', 'CEBEB3', 5, 0, 2, 0, 1, 0, '', -3227981),
	('5097', 'Verde aceso', 'Lumina', 'Setta', '', 'B3FF00', 4, 0, 0, 0, 1, 0, '', -4980992),
	('5099', 'Luminado', 'Lumina', 'Setta', '', 'F4510B', 5, 0, 3, 0, 1, 0, '', -765685),
	('5100', 'Rosa aceso', 'Lumina', 'Setta', '', 'FE0186', 0, 0, 0, 0, 1, 0, '', -130682),
	('5101', 'Rosa forte', 'Lumina', 'Setta', '', 'FF59AC', 5, 0, 3, 0, 1, 0, '', -42580),
	('5102', 'Verde aceso', 'Lumina', 'Setta', '', '05FA3D', 8, 0, 3, 0, 1, 0, '', -16385475),
	('5103', 'Luminado1', 'Lumina', 'Setta', '', 'FF4D00', 0, 0, 0, 0, 1, 0, '', -45824),
	('5104', 'Rosa', 'Lumina', 'Setta', '', 'FF46FF', 4, 0, 3, 0, 1, 0, 'poliester', -47361),
	('5105', 'Roxo', 'Lumina', 'Setta', '', '400080', 7, 0, 3, 0, 1, 0, '', -12582784),
	('5106', 'Amarelo Creme', 'Lumina', 'Setta', '', 'FECD8B', 7, 0, 3, 0, 1, 0, '', -78453),
	('5107', 'Verde Musgo', 'Lumina', 'Setta', '', '5B500F', 3, 0, 2, 0, 1, 0, '', -10792945),
	('5108', 'Roxo', 'Lumina', 'Setta', '', '000080', 3, 0, 2, 0, 1, 0, '', -16777088),
	('5109', 'Uva', 'Lumina', 'Setta', '', '800080', 5, 0, 2, 0, 1, 0, '', -8388480),
	('5110', 'Lilás Claro', '', '', '', '8080C0', 4, 0, 3, 0, 1, 0, '', -8355648),
	('5111', 'Marron', '', 'Lumina', '', '800000', 5, 0, 3, 0, 1, 0, '', -8388608),
	('5113', 'Quase branco', 'Lumina', 'Setta', '', 'F0FFF0', 8, 0, 3, 0, 1, 0, '', -983056),
	('5114', 'Grafite', 'Lumina', 'Setta', '', '74718E', 8, 0, 3, 0, 1, 0, '', -9145970),
	('5115', 'Azul Royal', 'Lumina', 'Setta', '', '00008C', 36, 0, 10, 0, 1, 0, '', -16777076),
	('5116', 'laranja', 'setta', 'Lumina', '', 'FF8040', 6, 0, 3, 0, 1, 0, '', -32704),
	('5118', 'Verde', 'Lumina', 'Setta', '', '388A11', 6, 0, 2, 0, 1, 0, '', -13071855),
	('5120', 'Caque', 'Lumina', 'Setta', '', 'FFC080', 8, 0, 3, 0, 1, 0, '', -16256),
	('5121', 'Azul Marinho', 'Lumina', 'Setta', '', '000066', 19, 0, 5, 0, 1, 0, '', -16777114),
	('5122', 'Rosa baby', 'Lumina', 'Setta', '', 'FF9F9F', 3, 0, 0, 0, 1, 0, '', -24673),
	('5123', 'Rosa', 'Lumina', 'Setta', '', 'FE4D01', 0, 0, 0, 0, 1, 0, '', -111359),
	('5124', 'Verde acinzentado', 'Lumina', 'Setta', '', '838B74', 5, 0, 3, 0, 1, 0, '', -8156300),
	('5126', 'Azul', 'Lumina', 'Setta', '', '46A3FF', 6, 0, 3, 0, 1, 0, '', -12147713),
	('5127', 'Azul', 'Lumina', 'Setta', '', '004080', 4, 0, 3, 0, 1, 0, '', -16760704),
	('5128', 'Dourado', 'Lumina', 'Setta', '', '81660A', 15, 0, 5, 0, 1, 0, '', -8296950),
	('5129', 'Rosinha', 'Lumina', 'Setta', '', 'FFCACA', 0, 0, 0, 0, 1, 0, '', -13622),
	('5130', 'Quase branco', 'Lumina', 'Setta', '', 'FFECEC', 7, 0, 3, 0, 1, 0, '', -4884),
	('5131', 'Azulzinho', 'Lumina', 'Setta', '', 'BCECFE', 4, 0, 3, 0, 1, 0, '', -4395778),
	('5132', 'Amarelo bem Claro', 'Lumina', 'Setta', '', 'FFFFE6', 13, 0, 3, 0, 1, 0, '', -26),
	('5133', 'Azul', 'Lumina', 'Setta', '', '0072A8', 6, 0, 3, 0, 1, 0, '', -16747864),
	('5134', 'Azul', 'Lumina', 'Setta', '', '45639A', 16, 0, 3, 0, 1, 0, '', -12229734),
	('5135', 'Azul', 'Lumina', 'Setta', '', '618CAD', 11, 0, 3, 0, 1, 0, '', -10384211),
	('5136', 'Azul', 'Lumina', 'Setta', '', '0181BE', 10, 0, 3, 0, 1, 0, 'Poliester', -16678466),
	('5137', 'Cinza', 'Lumina', 'Setta', '', '52668B', 16, 0, 5, 0, 1, 0, '', -11377013),
	('5138', 'Azul', 'Lumina', 'Setta', '', '5592B3', 6, 0, 3, 0, 1, 0, '', -11169101),
	('5139', 'Azul', 'Lumina', 'Seta', '', 'B9DCFF', 8, 0, 3, 0, 1, 0, 'Poliester', -4596481),
	('5140', 'Azul', 'Lumina', 'Setta', '', 'ABDFFE', 3, 0, 2, 0, 1, 0, '', -5513218),
	('5141', 'Azul', 'Lumina', 'Setta', '', '000062', 6, 0, 2, 0, 1, 0, '', -16777118),
	('5143', 'Azul', 'Lumina', 'Setta', '', '0055AA', 9, 0, 3, 0, 1, 0, '', -16755286),
	('5144', 'Azul', 'Lumina', 'Setta', '', '000088', 5, 0, 3, 0, 1, 0, '', -16777080),
	('5147', 'Azul', 'Lumina', 'Setta', '', '0086C6', 5, 0, 3, 0, 1, 0, '', -16742714),
	('5148', 'Azul', 'Lumina', 'Setta', '', '5F6BA0', 8, 0, 3, 0, 1, 0, '', -10523744),
	('5149', 'Cinza', 'Lumina', 'Setta', '', '464F6C', 8, 0, 5, 0, 1, 0, '', -12169364),
	('5151', 'Cinza', 'Lumina', 'Setta', '', '929DAB', 11, 0, 5, 0, 1, 0, '', -7168597),
	('5152', 'Cinza escuro', 'Lumina', 'Setta', '', '525B72', 0, 0, 0, 0, 1, 0, '', -11379854),
	('5154', 'Grafite', 'Lumina', 'Setta', '', '3E3F53', 0, 0, 0, 0, 1, 0, '', -12697773),
	('5156', 'Azul', 'Lumina', 'Setta', '', '627E9D', 0, 0, 0, 0, 1, 0, '', -10322275),
	('5157', 'Ouro Claro2', 'Lumina', 'Setta', '', 'EFA450', 5, 0, 3, 0, 1, 0, '', -1072048),
	('5158', 'Ouro Claro', 'Lumina', 'Setta', '', 'FBB026', 12, 0, 5, 0, 1, 0, '', -282586),
	('5160', 'Amarelo Claro', 'Lumina', 'Setta', '', 'FFFF80', 5, 0, 2, 0, 1, 0, '', -128),
	('5161', 'Cor de pele', 'Lumina', 'Setta', '', 'FFCECE', 3, 0, 2, 0, 1, 0, '', -12594),
	('5163', 'Cor de pele1', 'Lumina', 'Setta', '', 'FFB9B9', 6, 0, 3, 0, 1, 0, '', -17991),
	('5164', 'Pele', 'Lumina', 'Setta', '', 'FF8080', 0, 0, 0, 0, 1, 0, '', -32640),
	('5168', 'vermelho', 'SETTA', 'LUMINA', '', 'FD0000', 4, 0, 3, 0, 1, 0, '', -196608),
	('5169', 'Vinho claro', 'Lumina', 'Setta', '', '910048', 0, 0, 0, 0, 1, 0, '', -7274424),
	('5170', 'Vinho escuro', 'Lumina', 'Setta', '', '510028', 5, 0, 3, 0, 1, 0, '', -11468760),
	('5171', 'Vinho', 'Lumina', 'Setta', '', '9C0C42', 3, 0, 2, 0, 1, 0, 'poliester', -6550462),
	('5173', 'Vinho', 'Lumina', 'Setta', '', '800040', 15, 0, 3, 0, 1, 0, '', -8388544),
	('5175', 'Verde', 'Poliester', 'Setta', '', '00C1C1', 6, 0, 3, 0, 1, 0, '', -16727615),
	('5176', 'Cinza Claro', 'Lumina', 'Setta', '', '7A8185', 7, 0, 2, 0, 1, 0, '', -8748667),
	('5177', 'Verde quase branco', 'Lumina', 'Setta', '', 'CCFFCC', 4, 0, 2, 0, 1, 0, '', -3342388),
	('5178', 'Verde', 'Lumina', 'Setta', '', '1BBE37', 4, 0, 3, 0, 1, 0, '', -14959049),
	('5180', 'Verde', 'Lumina', 'Setta', '', '7BAA24', 4, 0, 3, 0, 1, 0, '', -8672732),
	('5182', 'Grafite', 'Lumina', 'Setta', '', '83708F', 0, 0, 0, 0, 1, 0, '', -8163185),
	('5183', 'Roxo', 'Lumina', 'Setta', '', '550055', 5, 0, 2, 0, 1, 0, '', -11206571),
	('5186', 'Dourado', 'Lumina', 'Setta', '', '808040', 7, 0, 3, 0, 1, 0, '', -8355776),
	('5187', 'Cinza claro', 'Lumina', 'Setta', '', '8E9DA6', 6, 0, 3, 0, 1, 0, '', -7430746),
	('5189', 'Bege', 'Lumina', 'Setta', '', '938E75', 10, 0, 0, 0, 1, 0, '', -7106955),
	('5190', 'Bege', 'Lumina', 'Setta', '', 'DFBF9F', 4, 0, 0, 0, 1, 0, '', -2113633),
	('5193', 'Amarelo Ovo', 'Lumina', 'Setta', '', 'FCE125', 8, 0, 3, 0, 1, 0, '', -204507),
	('5194', 'bege', '', 'setta', '', 'FBEED2', 5, 0, 3, 0, 1, 0, 'polieste', -266542),
	('5195', 'Caque', 'Lumina', 'Setta', '', '53452B', 12, 0, 3, 0, 1, 0, '', -11320021),
	('5197', 'vermelho clarinho', 'Lumina', 'Setta', '', 'FE4101', 9, 0, 3, 0, 1, 0, '', -114431),
	('5199', 'Vermelho', 'Lumina', 'Setta', '', 'E21D31', 9, 0, 3, 0, 1, 0, '', -1958607),
	('5200', 'Creme', 'Lumina', 'Setta', '', 'DCDCB8', 5, 0, 3, 0, 1, 0, 'poliester', -2302792),
	('5201', 'Rosinha', 'Lumina', 'Setta', '', 'FFD7EB', 5, 0, 2, 0, 1, 0, '', -10261),
	('5202', 'Quase branco', 'Lumina', 'Setta', '', 'FFECF5', 5, 0, 3, 0, 1, 0, '', -4875),
	('5203', 'Caque', 'Lumina', 'Setta', '', 'AA7D55', 8, 0, 3, 0, 1, 0, '', -5604011),
	('5204', 'Caque', 'Lumina', 'Setta', '', 'C0833F', 7, 0, 3, 0, 1, 0, '', -4160705),
	('5205', 'Bege', 'Lumina', 'Setta', '', 'B4B4B4', 4, 0, 2, 0, 1, 0, '', -4934476),
	('5208', 'Vermelho', '', 'Setta', '', 'FF0000', 17, 0, 5, 0, 1, 0, '', -65536),
	('5211', 'Rosa', 'Lumina', 'Setta', '', 'FFA6A6', 0, 0, 0, 0, 1, 0, '', -22874),
	('5212', 'Salmon', 'Lumina', 'Setta', '', 'FF8080', 4, 0, 1, 0, 1, 0, '', -32640),
	('5213', 'Rosa Claro', '', '', '', 'FFC6C6', 5, 0, 3, 0, 1, 0, '', -14650),
	('5214', 'Creme', 'Lumina', 'Setta', '', 'E0D5BC', 10, 0, 3, 0, 1, 0, 'poliester', -2042436),
	('5215', 'vermelho', 'Lumina', 'Setta', '', 'FF0000', 5, 0, 3, 0, 1, 0, '', -65536),
	('5216', 'Quase vermelho', 'Lumina', 'Setta', '', 'FA3D05', 0, 0, 0, 0, 1, 0, '', -377595),
	('5217', 'Rosa', 'Lumina', 'Setta', '', 'FF80C0', 4, 0, 3, 0, 1, 0, '', -32576),
	('5218', 'Azulzinho', 'Lumina', 'Setta', '', '97CFFD', 4, 0, 3, 0, 1, 0, '', -6828035),
	('5219', 'Quase branco', 'Lumina', 'Setta', '', 'E6E6E6', 5, 0, 2, 0, 1, 0, '', -1644826),
	('5220', 'Rosa', 'Lumina', 'Setta', '', 'D22D6B', 0, 0, 0, 0, 1, 0, '', -3003029),
	('5221', 'Caque claro', 'Lumina', 'Setta', '', '928161', 7, 0, 3, 0, 1, 0, '', -7175839),
	('5224', 'Verde claro', 'Lumina', 'Setta', '', 'C4D0C1', 4, 0, 2, 0, 1, 0, 'poliester', -3878719),
	('5226', 'Amarelo', 'Lumina', 'Setta', '', 'FFB366', 4, 0, 2, 0, 1, 0, 'poliester', -19610),
	('5233', 'Cinza', 'Lumina', 'Setta', '', 'AAAAAA', 4, 0, 2, 0, 1, 0, 'poliester', -5592406),
	('5251', 'Rosa goiaba', 'Poliester', 'Setta', '', 'F08080', 5, 0, 3, 0, 1, 0, '', -1015680),
	('5253', 'Cinza', 'Lumina', 'Setta', '', '8F8F8F', 5, 0, 3, 0, 1, 0, 'poliester', -7368817),
	('5263', 'Verde', 'Poliester', 'Setta', '', '00C663', 4, 0, 3, 0, 1, 0, '', -16726429),
	('5264', 'Creme', 'Lumina', 'Setta', '', 'DADAB6', 4, 0, 3, 0, 1, 0, 'poliester', -2434378),
	('5265', 'Salmon', 'Poliester', 'Setta', '', 'FFBFC5', 3, 0, 2, 0, 1, 0, '', -16443),
	('5272', 'Azulzinho', '', 'setta', '', '8080FF', 6, 0, 3, 0, 1, 0, '', -8355585),
	('5284', 'Azul', 'Sylko', 'Corrente', '', '0245B5', 6, 0, 2, 0, 1, 0, '', -16628299),
	('5285', 'Verde', 'Lumina', 'Setta', '', '36C24B', 5, 0, 3, 0, 1, 0, 'poliester', -13188533),
	('5286', 'Roxo', 'Lumina', 'Setta', '', '420084', 6, 0, 3, 0, 1, 0, 'Poliester', -12451708),
	('5289', 'Cinza', 'Lumina', 'Setta', '', 'C0C9D1', 5, 0, 3, 0, 1, 0, 'poliester', -4142639),
	('5294', 'Prata', 'Poliester', 'Setta', '', 'C0C0C0', 2, 0, 1, 0, 1, 0, 'Lumina', -4144960),
	('5296', 'Cinza', 'Lumina', 'Setta', '', 'ACB7AE', 6, 0, 3, 0, 1, 0, 'Poliester', -5458002),
	('5300', 'Bege Clara', 'Lumina', 'Setta', '', 'F5A289', 4, 0, 3, 0, 1, 0, '', -679287),
	('5304', 'Verde Claro', '', 'Lumina', '', '85FACE', 7, 0, 2, 0, 1, 0, 'poliester', -7996722),
	('5310', 'Branco', 'Lumina', 'Setta', '', 'FFFFFF', 36, 0, 10, 0, 1, 0, '', -1),
	('5311', 'Preto', 'Lumina', 'Setta', '', '000000', 35, 0, 10, 0, 1, 0, '', -16777216),
	('5312', 'Azul', 'Lumina', 'Setta', '', '6FE8FD', 3, 0, 2, 0, 1, 0, '', -9443075),
	('5313', 'Azul', 'Lunima', 'seta', '', '408080', 4, 0, 3, 0, 1, 0, '', -12550016),
	('5317', 'Cinza', 'Poliester', 'Setta', '', 'C0C0C0', 9, 0, 3, 0, 1, 0, '', -4144960),
	('5318', 'Verde Escuro', 'LUMINA', 'SETTA', '', '004000', 4, 0, 2, 0, 1, 0, '', -16760832),
	('5319', 'Amarelo Claro', 'Lumina', 'Setta', '', 'EDC97E', 3, 0, 2, 0, 1, 0, '', -1193602),
	('5347', 'Laranja escuro', 'Lumina', 'Setta', '', 'C76738', 8, 0, 3, 0, 1, 0, '', -3709128),
	('5350', 'Lilás', 'Lumina', 'Setta', '', 'BF5ECA', 3, 0, 1, 0, 1, 0, '', -4235574),
	('5366', 'Quase branco', 'Lumina', 'Setta', '', 'E9E9E9', 6, 0, 3, 0, 1, 0, '', -1447447),
	('5368', 'Verde', 'Lumina', 'Setta', '', '80FF00', 4, 0, 2, 0, 1, 0, '', -8323328),
	('5371', 'Cor de pele escura', 'Lumina', 'Setta', '', 'DF7262', 0, 0, 0, 0, 1, 0, '', -2133406),
	('5373', 'Lilás claro', 'Lumina', 'Setta', '', 'D3A7DA', 12, 0, 3, 0, 1, 0, '', -2906150),
	('5375', 'Salmon', 'Lumina', 'Setta', '', 'FFCBB3', 0, 0, 0, 0, 1, 0, '', -13389),
	('5454', 'rosa', '', 'setta', '', 'FFCAE4', 6, 0, 3, 0, 1, 0, 'polieste', -13596),
	('5529', 'Lilás', 'Lumina', 'Setta', '', '98A5FC', 5, 0, 3, 0, 1, 0, 'Poliester', -6773252),
	('5546', 'Azul', 'Lumina', 'Setta', '', '4D59B3', 4, 0, 2, 0, 1, 0, 'Poliester', -11707981),
	('5547', 'Cinza', 'Lumina', 'Setta', '', '464646', 7, 0, 3, 0, 1, 0, '', -12171706),
	('5579', 'Bege Claro', 'Poliester', 'Setta', '', 'FCE3C9', 4, 0, 3, 0, 1, 0, '', -203831),
	('5582', 'rosa forte', '', 'setta', '', 'D24F97', 3, 0, 1, 0, 1, 0, 'polieste', -2994281),
	('5587', 'Prata Escuro', 'Poliester', 'Setta', '', 'C0C0C0', 3, 0, 0, 0, 1, 0, 'Lumina', -4144960),
	('5593', 'Verde Escuro', 'Poliester', 'Setta', '', '1D4A0F', 4, 0, 2, 0, 1, 0, 'Lumina', -14857713),
	('5619', 'Azul Claro', '', 'Setta', '', '80FFFF', 5, 0, 2, 0, 1, 0, '', -8323073),
	('6001', 'Dourado Metálico', 'Metálico', 'Setta', '', 'FFFFC0', 1, 0, 1, 0, 1, 0, 'Lumina', -64),
	('6003', 'Cinza Metálico', 'Metálico', 'Setta', '', 'C0C0C0', 1, 0, 1, 0, 1, 0, 'Lumina', -4144960),
	('7014', 'Lilás', 'Sylko', 'Corrente', '', '640064', 0, 0, 0, 0, 1, 0, '', -10223516),
	('7018', 'Azul Claro', 'Sylko', 'Corrente', '', '00FFFF', 0, 0, 0, 0, 1, 0, '', -16711681),
	('7019', 'Azul Royal', 'Sylko', 'Corrente', '', '0000FF', 0, 0, 0, 0, 1, 0, '', -16776961),
	('7020', 'Azul', 'Sylko', 'Corrente', '', '0000FF', 0, 0, 0, 0, 1, 0, '', -16776961),
	('7029', 'Amarelo Claro', 'Sylko', 'Corrente', '', 'FFFFB9', 0, 0, 0, 0, 1, 0, '', -71),
	('7034', 'Olho de Tigre', 'Sylko', 'Corrente', '', 'C46200', 0, 0, 0, 0, 1, 0, '', -3907072),
	('7036', 'Caramelo', 'Sylko', 'Corente', '', 'CB7B34', 0, 0, 0, 0, 1, 0, '', -3441868),
	('7042', 'Cobre', 'Sylko', 'Corrente', '', '804000', 0, 0, 0, 0, 1, 0, '', -8372224),
	('7043', 'Marrom', 'Dalila', 'Corrente', '', '804000', 0, 0, 0, 0, 1, 0, '', -8372224),
	('7045', 'Cinza Claro', 'Sylko', 'Corrente', '', 'D2D2D2', 0, 0, 0, 0, 1, 0, '', -2960686),
	('7048', 'Verde', '', '', '', 'C1FFC1', 0, 0, 0, 0, 1, 0, '', -4063295),
	('7049', 'Amarelo Ouro', 'Sylko', 'Corrente', '', 'FF9B40', 0, 0, 0, 0, 1, 0, '', -25792),
	('7051', 'Amarelo', 'Sylko', 'Corrente', '', 'FFFFA6', 0, 0, 0, 0, 1, 0, '', -90),
	('7052', 'Laranja', 'Sylco', 'Corrente', '', 'FF8000', 0, 0, 0, 0, 1, 0, '', -32768),
	('7063', 'Verde Abacate', 'Sylko', 'Corrente', '', '02DD80', 0, 0, 0, 0, 1, 0, '', -16589440),
	('7067', 'Verde Claro', 'Sylko', 'Corrente', '', '00C400', 0, 0, 0, 0, 1, 0, '', -16727040),
	('7084', 'Salmon', 'Sylko', 'Corrente', '', 'FFAC84', 0, 0, 0, 0, 1, 0, '', -21372),
	('7086', 'Lilás', 'Sylko', 'Corrente', '', 'FF80FF', 0, 0, 0, 0, 1, 0, '', -32513),
	('7114', 'Caque', 'Sylco', 'Corrente', '', '716B46', 0, 0, 0, 0, 1, 0, '', -9344186),
	('785', 'Azul marinho', 'Dalila', '', '', '000080', 0, 0, 0, 0, 1, 0, '', -16777088),
	('796', 'Laranja', '', '', '', 'FAD645', 0, 0, 0, 0, 1, 0, '', -338363),
	('800', 'VERDE LIMÃO', '', 'ZENITE', '', '00FF00', 1, 0, 0, 0, 1, 0, '', -16711936),
	('817', 'Azul claro', 'Dalila', 'Dalila', '', '0080FF', 0, 0, 0, 0, 1, 0, '', -16744193),
	('818', 'Azul claro', 'Dalila', 'Dalila', '', '48A4FF', 0, 0, 0, 0, 1, 0, '', -12016385),
	('829', 'Marfim', 'Dalila', 'Dalila', '', 'F5EDAF', 0, 0, 0, 0, 1, 0, '', -660049),
	('833', 'Amarelo Queimado', '', 'Dalila', '', 'FF8F59', 0, 0, 0, 0, 1, 0, 'Poliester', -28839),
	('834', 'Amarronsado', 'Dalila', '', '', 'DF7000', 0, 0, 0, 0, 1, 0, '', -2134016),
	('835', 'Mel', 'Dalila', 'Dalila', '', 'F08E0B', 0, 0, 0, 0, 1, 0, '', -1012213),
	('836', 'Telha', 'Dalila', 'Dalila', '', '823E3E', 0, 0, 0, 0, 1, 0, '', -8241602),
	('84', 'Azul claro', 'Sylko', 'Corrente', '', '6270F0', 0, 0, 0, 0, 1, 0, '', -10325776),
	('840', 'Rosinha', '', '', '', 'FDE4CC', 0, 0, 0, 0, 1, 0, '', -138036),
	('848', 'Verde', 'Dalila', 'Corrente', '', '80FFFF', 0, 0, 0, 0, 1, 0, '', -8323073),
	('853', 'Marfim', '', '', '', 'FFFFC1', 0, 0, 0, 0, 1, 0, '', -63),
	('8880', 'Bege', 'Zenite', 'Zenite', '', 'A98256', 2, 0, 0, 0, 1, 0, '', -5668266);
/*!40000 ALTER TABLE `linha` ENABLE KEYS */;

-- Copiando estrutura para tabela ccb_beego.linha_bordado_rel
CREATE TABLE IF NOT EXISTS `linha_bordado_rel` (
  `id` int(11) NOT NULL AUTO_INCREMENT,
  `bordado_id` int(11) NOT NULL,
  `seq` int(11) NOT NULL DEFAULT '0',
  `linha_id` varchar(255) COLLATE utf8mb4_unicode_ci NOT NULL,
  `criado_em` datetime DEFAULT NULL,
  PRIMARY KEY (`id`),
  KEY `linha_bordado_rel_bordado_id_seq` (`bordado_id`,`seq`)
) ENGINE=InnoDB AUTO_INCREMENT=121 DEFAULT CHARSET=utf8mb4 COLLATE=utf8mb4_unicode_ci;

-- Copiando dados para a tabela ccb_beego.linha_bordado_rel: ~11 rows (aproximadamente)
/*!40000 ALTER TABLE `linha_bordado_rel` DISABLE KEYS */;
INSERT INTO `linha_bordado_rel` (`id`, `bordado_id`, `seq`, `linha_id`, `criado_em`) VALUES
	(55, 3, 1, '5075', '2023-07-05 19:22:20'),
	(56, 3, 2, '5158', '2023-07-05 19:22:20'),
	(57, 3, 3, '5208', '2023-07-05 19:22:20'),
	(58, 3, 4, '5310', '2023-07-05 19:22:20'),
	(59, 3, 5, '5311', '2023-07-05 19:22:20'),
	(60, 3, 6, '5115', '2023-07-05 19:22:20'),
	(61, 3, 7, '5311', '2023-07-05 19:22:20'),
	(117, 1, 1, '5151', '2023-07-07 20:20:56'),
	(118, 1, 2, '5208', '2023-07-07 20:20:56'),
	(119, 1, 3, '5075', '2023-07-07 20:20:56'),
	(120, 1, 4, '5311', '2023-07-07 20:20:56');
/*!40000 ALTER TABLE `linha_bordado_rel` ENABLE KEYS */;

-- Copiando estrutura para tabela ccb_beego.sys_backend_user
CREATE TABLE IF NOT EXISTS `sys_backend_user` (
  `id` int(11) NOT NULL AUTO_INCREMENT,
  `real_name` varchar(32) COLLATE utf8mb4_unicode_ci NOT NULL DEFAULT '',
  `user_name` varchar(24) COLLATE utf8mb4_unicode_ci NOT NULL DEFAULT '',
  `user_pwd` varchar(255) COLLATE utf8mb4_unicode_ci NOT NULL DEFAULT '',
  `is_super` tinyint(1) NOT NULL DEFAULT '0',
  `status` int(11) NOT NULL DEFAULT '0',
  `mobile` varchar(16) COLLATE utf8mb4_unicode_ci NOT NULL DEFAULT '',
  `email` varchar(256) COLLATE utf8mb4_unicode_ci NOT NULL DEFAULT '',
  `avatar` varchar(256) COLLATE utf8mb4_unicode_ci NOT NULL DEFAULT '',
  PRIMARY KEY (`id`)
) ENGINE=InnoDB AUTO_INCREMENT=3 DEFAULT CHARSET=utf8mb4 COLLATE=utf8mb4_unicode_ci;

-- Copiando dados para a tabela ccb_beego.sys_backend_user: ~2 rows (aproximadamente)
/*!40000 ALTER TABLE `sys_backend_user` DISABLE KEYS */;
INSERT INTO `sys_backend_user` (`id`, `real_name`, `user_name`, `user_pwd`, `is_super`, `status`, `mobile`, `email`, `avatar`) VALUES
	(1, 'Administrador', 'admin', 'e10adc3949ba59abbe56e057f20f883e', 1, 1, '988015232', 'gouveia32@gmail.com', '/static/upload/jag.jpg'),
	(2, 'José Gouveia', 'gouveia', 'e10adc3949ba59abbe56e057f20f883e', 0, 1, '79988015232', 'gouveia32@gmail.com', '');
/*!40000 ALTER TABLE `sys_backend_user` ENABLE KEYS */;

-- Copiando estrutura para tabela ccb_beego.sys_logintrace
CREATE TABLE IF NOT EXISTS `sys_logintrace` (
  `id` bigint(20) NOT NULL AUTO_INCREMENT,
  `user` varchar(255) COLLATE utf8mb4_unicode_ci NOT NULL DEFAULT '',
  `remoteAddr` varchar(255) COLLATE utf8mb4_unicode_ci NOT NULL DEFAULT '',
  `loginTime` datetime NOT NULL,
  PRIMARY KEY (`id`)
) ENGINE=InnoDB AUTO_INCREMENT=265 DEFAULT CHARSET=utf8mb4 COLLATE=utf8mb4_unicode_ci;

-- Copiando dados para a tabela ccb_beego.sys_logintrace: ~258 rows (aproximadamente)
/*!40000 ALTER TABLE `sys_logintrace` DISABLE KEYS */;
INSERT INTO `sys_logintrace` (`id`, `user`, `remoteAddr`, `loginTime`) VALUES
	(1, 'admin', 'localhost', '2023-05-10 18:47:34'),
	(2, 'admin', 'localhost', '2023-05-10 18:49:14'),
	(3, 'admin', 'localhost', '2023-05-10 19:04:39'),
	(4, 'admin', 'localhost', '2023-05-10 19:18:57'),
	(5, 'admin', 'localhost', '2023-05-10 19:29:31'),
	(6, 'admin', 'localhost', '2023-05-10 19:30:40'),
	(7, 'admin', 'localhost', '2023-05-10 19:32:24'),
	(8, 'admin', 'localhost', '2023-05-10 19:44:24'),
	(9, 'admin', 'localhost', '2023-05-10 19:44:51'),
	(10, 'admin', 'localhost', '2023-05-10 19:46:56'),
	(11, 'admin', 'localhost', '2023-05-10 19:47:52'),
	(12, 'admin', 'localhost', '2023-05-10 19:52:54'),
	(13, 'admin', 'localhost', '2023-05-11 03:08:31'),
	(14, 'admin', 'localhost', '2023-05-11 03:13:11'),
	(15, 'admin', 'localhost', '2023-05-11 03:22:11'),
	(16, 'admin', 'localhost', '2023-05-11 03:30:11'),
	(17, 'admin', 'localhost', '2023-05-11 20:24:38'),
	(18, 'admin', 'localhost', '2023-05-11 21:00:38'),
	(19, 'admin', 'localhost', '2023-05-11 21:09:56'),
	(20, 'admin', 'localhost', '2023-05-11 21:14:09'),
	(21, 'admin', 'localhost', '2023-05-11 21:33:25'),
	(22, 'admin', 'localhost', '2023-05-11 22:20:31'),
	(23, 'admin', 'localhost', '2023-05-11 22:32:56'),
	(24, 'admin', 'localhost', '2023-05-11 22:54:07'),
	(25, 'admin', 'localhost', '2023-05-11 22:58:11'),
	(26, 'admin', 'localhost', '2023-05-11 23:01:26'),
	(27, 'admin', 'localhost', '2023-05-18 22:18:55'),
	(28, 'admin', 'localhost', '2023-05-19 03:28:31'),
	(29, 'admin', 'localhost', '2023-05-19 03:30:37'),
	(30, 'admin', 'localhost', '2023-05-19 03:34:05'),
	(31, 'admin', 'localhost', '2023-05-19 03:51:58'),
	(32, 'admin', 'localhost', '2023-05-19 19:24:52'),
	(33, 'admin', 'localhost', '2023-06-06 01:59:16'),
	(34, 'admin', 'localhost', '2023-06-06 02:07:14'),
	(35, 'admin', 'localhost', '2023-06-06 02:10:34'),
	(36, 'admin', 'localhost', '2023-06-06 04:02:24'),
	(37, 'admin', 'localhost', '2023-06-06 22:50:03'),
	(38, 'admin', 'localhost', '2023-06-06 23:01:27'),
	(39, 'admin', 'localhost', '2023-06-07 18:56:37'),
	(40, 'admin', 'localhost', '2023-06-07 21:01:27'),
	(41, 'admin', 'localhost', '2023-06-07 22:09:58'),
	(42, 'admin', 'localhost', '2023-06-07 22:12:02'),
	(43, 'admin', 'localhost', '2023-06-07 22:28:28'),
	(44, 'admin', 'localhost', '2023-06-07 22:50:11'),
	(45, 'admin', 'localhost', '2023-06-07 23:05:26'),
	(46, 'admin', 'localhost', '2023-06-08 02:22:05'),
	(47, 'admin', 'localhost', '2023-06-08 02:44:37'),
	(48, 'admin', 'localhost', '2023-06-08 02:50:43'),
	(49, 'admin', 'localhost', '2023-06-08 02:54:27'),
	(50, 'admin', 'localhost', '2023-06-08 03:12:26'),
	(51, 'admin', 'localhost', '2023-06-09 19:37:10'),
	(52, 'admin', 'localhost', '2023-06-09 22:24:28'),
	(53, 'admin', 'localhost', '2023-06-09 22:29:07'),
	(54, 'admin', 'localhost', '2023-06-09 22:37:46'),
	(55, 'admin', 'localhost', '2023-06-09 22:51:24'),
	(56, 'admin', 'localhost', '2023-06-09 22:56:32'),
	(57, 'admin', 'localhost', '2023-06-12 21:36:39'),
	(58, 'admin', 'localhost', '2023-06-12 21:43:03'),
	(59, 'admin', 'localhost', '2023-06-12 21:56:36'),
	(60, 'admin', 'localhost', '2023-06-12 22:03:52'),
	(61, 'admin', 'localhost', '2023-06-12 22:42:01'),
	(62, 'admin', 'localhost', '2023-06-12 23:00:11'),
	(63, 'admin', 'localhost', '2023-06-13 01:22:53'),
	(64, 'gouveia', 'localhost', '2023-06-13 01:27:22'),
	(65, 'admin', 'localhost', '2023-06-13 01:27:56'),
	(66, 'admin', 'localhost', '2023-06-13 01:29:59'),
	(67, 'gouveia', 'localhost', '2023-06-13 01:30:24'),
	(68, 'admin', 'localhost', '2023-06-13 01:31:22'),
	(69, 'gouveia', 'localhost', '2023-06-13 01:32:12'),
	(70, 'admin', 'localhost', '2023-06-13 01:32:46'),
	(71, 'admin', 'localhost', '2023-06-13 03:49:29'),
	(72, 'admin', 'localhost', '2023-06-13 20:42:33'),
	(73, 'admin', 'localhost', '2023-06-13 20:45:49'),
	(74, 'admin', 'localhost', '2023-06-13 22:13:41'),
	(75, 'admin', 'localhost', '2023-06-14 01:31:33'),
	(76, 'admin', 'localhost', '2023-06-14 01:44:49'),
	(77, 'admin', 'localhost', '2023-06-14 01:47:30'),
	(78, 'admin', 'localhost', '2023-06-14 01:50:36'),
	(79, 'admin', 'localhost', '2023-06-14 02:32:25'),
	(80, 'admin', 'localhost', '2023-06-14 03:05:44'),
	(81, 'admin', 'localhost', '2023-06-14 03:28:08'),
	(82, 'admin', 'localhost', '2023-06-14 03:54:02'),
	(83, 'admin', 'localhost', '2023-06-14 19:05:24'),
	(84, 'admin', 'localhost', '2023-06-14 19:18:18'),
	(85, 'admin', 'localhost', '2023-06-14 20:02:12'),
	(86, 'admin', 'localhost', '2023-06-14 20:27:30'),
	(87, 'admin', 'localhost', '2023-06-14 21:15:46'),
	(88, 'admin', 'localhost', '2023-06-14 22:14:38'),
	(89, 'admin', 'localhost', '2023-06-14 22:18:25'),
	(90, 'admin', 'localhost', '2023-06-14 22:59:32'),
	(91, 'admin', 'localhost', '2023-06-15 01:25:10'),
	(92, 'admin', 'localhost', '2023-06-15 01:26:35'),
	(93, 'admin', 'localhost', '2023-06-15 01:42:18'),
	(94, 'admin', 'localhost', '2023-06-15 02:29:36'),
	(95, 'admin', 'localhost', '2023-06-15 02:39:05'),
	(96, 'admin', 'localhost', '2023-06-15 19:23:49'),
	(97, 'admin', 'localhost', '2023-06-15 19:29:59'),
	(98, 'admin', 'localhost', '2023-06-15 21:14:41'),
	(99, 'admin', 'localhost', '2023-06-15 21:15:35'),
	(100, 'admin', 'localhost', '2023-06-15 21:32:36'),
	(101, 'admin', 'localhost', '2023-06-15 21:43:19'),
	(102, 'admin', 'localhost', '2023-06-15 21:51:52'),
	(103, 'admin', 'localhost', '2023-06-15 22:03:28'),
	(104, 'admin', 'localhost', '2023-06-15 22:23:46'),
	(105, 'admin', 'localhost', '2023-06-15 22:25:40'),
	(106, 'admin', 'localhost', '2023-06-15 22:29:13'),
	(107, 'admin', 'localhost', '2023-06-15 22:51:19'),
	(108, 'admin', 'localhost', '2023-06-16 02:17:20'),
	(109, 'admin', 'localhost', '2023-06-16 02:55:24'),
	(110, 'admin', 'localhost', '2023-06-16 04:09:48'),
	(111, 'admin', '127.0.0.1:19854', '2023-06-16 04:19:19'),
	(112, 'admin', 'localhost', '2023-06-16 19:44:52'),
	(113, 'admin', 'localhost', '2023-06-20 19:44:27'),
	(114, 'admin', 'localhost', '2023-06-20 19:51:29'),
	(115, 'admin', 'localhost', '2023-06-20 20:06:49'),
	(116, 'admin', 'localhost', '2023-06-20 20:20:35'),
	(117, 'admin', 'localhost', '2023-06-20 20:42:06'),
	(118, 'admin', 'localhost', '2023-06-20 20:57:48'),
	(119, 'admin', 'localhost', '2023-06-20 21:30:45'),
	(120, 'admin', 'localhost', '2023-06-20 21:45:57'),
	(121, 'admin', 'localhost', '2023-06-20 22:06:42'),
	(122, 'admin', 'localhost', '2023-06-20 22:09:43'),
	(123, 'admin', 'localhost', '2023-06-20 23:04:51'),
	(124, 'admin', 'localhost', '2023-06-21 19:59:05'),
	(125, 'admin', 'localhost', '2023-06-21 20:06:54'),
	(126, 'admin', 'localhost', '2023-06-21 20:51:39'),
	(127, 'admin', 'localhost', '2023-06-21 22:47:01'),
	(128, 'admin', 'localhost', '2023-06-22 01:49:16'),
	(129, 'admin', 'localhost', '2023-06-22 02:09:06'),
	(130, 'admin', 'localhost', '2023-06-22 02:45:38'),
	(131, 'admin', 'localhost', '2023-06-22 02:51:32'),
	(132, 'admin', 'localhost', '2023-06-22 02:52:39'),
	(133, 'admin', 'localhost', '2023-06-22 02:57:57'),
	(134, 'admin', 'localhost', '2023-06-22 04:09:57'),
	(135, 'admin', 'localhost', '2023-06-22 04:17:26'),
	(136, 'admin', 'localhost', '2023-06-22 20:59:40'),
	(137, 'admin', 'localhost', '2023-06-22 21:13:13'),
	(138, 'admin', 'localhost', '2023-06-23 01:08:10'),
	(139, 'admin', 'localhost', '2023-06-23 01:09:10'),
	(140, 'admin', 'localhost', '2023-06-23 01:41:04'),
	(141, 'admin', 'localhost', '2023-06-23 01:58:24'),
	(142, 'admin', 'localhost', '2023-06-23 02:01:51'),
	(143, 'admin', 'localhost', '2023-06-23 02:43:27'),
	(144, 'admin', 'localhost', '2023-06-23 02:58:09'),
	(145, 'admin', 'localhost', '2023-06-23 20:23:11'),
	(146, 'admin', 'localhost', '2023-06-23 21:00:01'),
	(147, 'admin', 'localhost', '2023-06-23 21:12:02'),
	(148, 'admin', 'localhost', '2023-06-23 21:42:01'),
	(149, 'admin', 'localhost', '2023-06-23 21:47:45'),
	(150, 'admin', 'localhost', '2023-06-23 22:22:38'),
	(151, 'admin', 'localhost', '2023-06-23 22:28:21'),
	(152, 'admin', 'localhost', '2023-06-23 22:37:34'),
	(153, 'admin', 'localhost', '2023-06-23 22:42:02'),
	(154, 'admin', 'localhost', '2023-06-23 22:47:58'),
	(155, 'admin', 'localhost', '2023-06-23 22:53:43'),
	(156, 'admin', 'localhost', '2023-06-23 23:02:16'),
	(157, 'admin', 'localhost', '2023-06-23 23:05:49'),
	(158, 'admin', 'localhost', '2023-06-26 20:28:25'),
	(159, 'admin', 'localhost', '2023-06-26 20:31:40'),
	(160, 'admin', 'localhost', '2023-06-26 20:44:10'),
	(161, 'admin', 'localhost', '2023-06-26 20:54:05'),
	(162, 'admin', 'localhost', '2023-06-27 02:20:57'),
	(163, 'admin', 'localhost', '2023-06-27 02:26:53'),
	(164, 'admin', 'localhost', '2023-06-27 02:30:49'),
	(165, 'admin', 'localhost', '2023-06-27 02:35:33'),
	(166, 'admin', 'localhost', '2023-06-27 02:42:10'),
	(167, 'admin', 'localhost', '2023-06-27 02:47:56'),
	(168, 'admin', 'localhost', '2023-06-27 02:59:55'),
	(169, 'admin', 'localhost', '2023-06-27 03:13:42'),
	(170, 'admin', 'localhost', '2023-06-27 03:18:59'),
	(171, 'admin', 'localhost', '2023-06-27 03:39:56'),
	(172, 'admin', 'localhost', '2023-06-29 19:56:38'),
	(173, 'admin', 'localhost', '2023-06-29 22:34:56'),
	(174, 'admin', 'localhost', '2023-06-29 22:48:16'),
	(175, 'admin', 'localhost', '2023-06-29 22:57:17'),
	(176, 'admin', 'localhost', '2023-06-29 22:59:31'),
	(177, 'admin', 'localhost', '2023-06-30 20:10:55'),
	(178, 'admin', 'localhost', '2023-07-03 20:27:38'),
	(179, 'admin', 'localhost', '2023-07-03 20:42:35'),
	(180, 'admin', 'localhost', '2023-07-03 20:47:29'),
	(181, 'admin', 'localhost', '2023-07-03 20:57:55'),
	(182, 'admin', 'localhost', '2023-07-03 21:24:44'),
	(183, 'admin', 'localhost', '2023-07-03 22:15:56'),
	(184, 'admin', 'localhost', '2023-07-04 01:26:50'),
	(185, 'admin', 'localhost', '2023-07-04 01:31:03'),
	(186, 'admin', 'localhost', '2023-07-04 02:02:31'),
	(187, 'admin', 'localhost', '2023-07-04 02:09:48'),
	(188, 'admin', 'localhost', '2023-07-04 02:14:38'),
	(189, 'admin', 'localhost', '2023-07-04 02:36:27'),
	(190, 'admin', 'localhost', '2023-07-04 02:39:43'),
	(191, 'admin', 'localhost', '2023-07-04 02:44:28'),
	(192, 'admin', 'localhost', '2023-07-04 02:47:42'),
	(193, 'admin', 'localhost', '2023-07-04 02:52:31'),
	(194, 'admin', 'localhost', '2023-07-04 03:10:13'),
	(195, 'admin', 'localhost', '2023-07-04 18:56:22'),
	(196, 'admin', 'localhost', '2023-07-04 19:02:16'),
	(197, 'admin', 'localhost', '2023-07-04 19:06:10'),
	(198, 'admin', 'localhost', '2023-07-04 19:09:34'),
	(199, 'admin', 'localhost', '2023-07-04 19:14:07'),
	(200, 'admin', 'localhost', '2023-07-04 19:20:45'),
	(201, 'admin', 'localhost', '2023-07-04 19:22:15'),
	(202, 'admin', 'localhost', '2023-07-04 19:53:37'),
	(203, 'admin', 'localhost', '2023-07-04 20:07:20'),
	(204, 'admin', 'localhost', '2023-07-04 20:14:15'),
	(205, 'admin', 'localhost', '2023-07-04 20:17:19'),
	(206, 'admin', 'localhost', '2023-07-04 20:21:29'),
	(207, 'admin', 'localhost', '2023-07-04 20:33:58'),
	(208, 'admin', 'localhost', '2023-07-04 20:50:38'),
	(209, 'admin', 'localhost', '2023-07-04 22:10:42'),
	(210, 'admin', 'localhost', '2023-07-04 22:20:18'),
	(211, 'admin', 'localhost', '2023-07-04 22:30:27'),
	(212, 'admin', 'localhost', '2023-07-04 22:41:47'),
	(213, 'admin', 'localhost', '2023-07-04 22:45:23'),
	(214, 'admin', 'localhost', '2023-07-04 22:59:40'),
	(215, 'admin', 'localhost', '2023-07-05 01:26:22'),
	(216, 'admin', 'localhost', '2023-07-05 01:27:36'),
	(217, 'admin', 'localhost', '2023-07-05 01:48:28'),
	(218, 'admin', 'localhost', '2023-07-05 02:04:03'),
	(219, 'admin', 'localhost', '2023-07-05 02:09:03'),
	(220, 'admin', 'localhost', '2023-07-05 02:19:47'),
	(221, 'admin', 'localhost', '2023-07-05 02:25:15'),
	(222, 'admin', 'localhost', '2023-07-05 02:31:32'),
	(223, 'admin', 'localhost', '2023-07-05 02:55:33'),
	(224, 'admin', 'localhost', '2023-07-05 03:13:23'),
	(225, 'admin', 'localhost', '2023-07-05 03:21:49'),
	(226, 'admin', 'localhost', '2023-07-05 03:25:33'),
	(227, 'admin', 'localhost', '2023-07-05 03:35:48'),
	(228, 'admin', 'localhost', '2023-07-05 19:18:05'),
	(229, 'admin', 'localhost', '2023-07-05 19:25:57'),
	(230, 'admin', 'localhost', '2023-07-05 19:44:14'),
	(231, 'admin', 'localhost', '2023-07-05 21:32:51'),
	(232, 'admin', 'localhost', '2023-07-05 21:55:33'),
	(233, 'admin', 'localhost', '2023-07-05 21:59:07'),
	(234, 'admin', 'localhost', '2023-07-05 22:40:29'),
	(235, 'admin', '127.0.0.1:30531', '2023-07-05 23:00:45'),
	(236, 'admin', 'localhost', '2023-07-06 01:23:02'),
	(237, 'admin', 'localhost', '2023-07-06 02:20:51'),
	(238, 'admin', 'localhost', '2023-07-06 02:38:12'),
	(239, 'admin', 'localhost', '2023-07-06 02:43:12'),
	(240, 'admin', 'localhost', '2023-07-06 20:02:42'),
	(241, 'admin', 'localhost', '2023-07-07 01:30:01'),
	(242, 'admin', 'localhost', '2023-07-07 01:37:43'),
	(243, 'admin', 'localhost', '2023-07-07 01:47:24'),
	(244, 'admin', 'localhost', '2023-07-07 02:45:53'),
	(245, 'admin', 'localhost', '2023-07-07 02:49:10'),
	(246, 'admin', 'localhost', '2023-07-07 03:16:28'),
	(247, 'admin', 'localhost', '2023-07-07 03:32:37'),
	(248, 'admin', 'localhost', '2023-07-07 03:46:02'),
	(249, 'admin', 'localhost', '2023-07-07 19:31:31'),
	(250, 'admin', 'localhost', '2023-07-07 20:13:42'),
	(251, 'admin', 'localhost', '2023-07-07 20:20:11'),
	(252, 'admin', 'localhost', '2023-07-10 20:29:35'),
	(253, 'admin', 'localhost', '2023-07-10 21:04:39'),
	(254, 'admin', 'localhost', '2023-07-10 21:15:45'),
	(255, 'admin', 'localhost', '2023-07-10 21:22:12'),
	(256, 'admin', 'localhost', '2023-07-10 21:25:52'),
	(257, 'admin', 'localhost', '2023-07-10 21:32:06'),
	(258, 'admin', 'localhost', '2023-07-10 22:01:18'),
	(259, 'admin', 'localhost', '2023-07-10 22:12:07'),
	(260, 'admin', 'localhost', '2023-07-10 22:15:17'),
	(261, 'admin', 'localhost', '2023-07-10 22:19:36'),
	(262, 'admin', 'localhost', '2023-07-10 22:35:55'),
	(263, 'admin', 'localhost', '2023-07-10 22:47:14'),
	(264, 'admin', 'localhost', '2023-07-10 22:51:59');
/*!40000 ALTER TABLE `sys_logintrace` ENABLE KEYS */;

-- Copiando estrutura para tabela ccb_beego.sys_resource
CREATE TABLE IF NOT EXISTS `sys_resource` (
  `id` int(11) NOT NULL AUTO_INCREMENT,
  `name` varchar(64) COLLATE utf8mb4_unicode_ci NOT NULL DEFAULT '',
  `parent_id` int(11) DEFAULT NULL,
  `rtype` int(11) NOT NULL DEFAULT '0',
  `seq` int(11) NOT NULL DEFAULT '0',
  `icon` varchar(32) COLLATE utf8mb4_unicode_ci NOT NULL DEFAULT '',
  `url_for` varchar(256) COLLATE utf8mb4_unicode_ci NOT NULL DEFAULT '',
  PRIMARY KEY (`id`)
) ENGINE=InnoDB AUTO_INCREMENT=107 DEFAULT CHARSET=utf8mb4 COLLATE=utf8mb4_unicode_ci;

-- Copiando dados para a tabela ccb_beego.sys_resource: ~17 rows (aproximadamente)
/*!40000 ALTER TABLE `sys_resource` DISABLE KEYS */;
INSERT INTO `sys_resource` (`id`, `name`, `parent_id`, `rtype`, `seq`, `icon`, `url_for`) VALUES
	(1, 'Sistema', NULL, 1, 30, 'fa fa-gears', ''),
	(2, 'Administração de sistema', 8, 1, 120, 'fa fa-gears', ''),
	(3, 'Instrumento 1', 75, 1, 1, 'fa fa-wpforms', 'HomeController.Index'),
	(5, 'editar', 66, 2, 100, 'fa fa-pencil', 'BackendConfController.Edit'),
	(6, 'excluir', 66, 2, 100, 'fa fa-trash', 'BackendConfController.Delete'),
	(7, 'Ferramenta do sistema', 8, 1, 100, 'fa fa-magnet', ''),
	(8, 'Websocket test', 72, 1, 100, 'fa fa-skyatlas', 'WebsocketWidgetController.Index'),
	(10, 'Medidor 2', 75, 1, 2, 'fa fa-tv', 'HomeController.Index2'),
	(12, 'editar', 84, 2, 100, 'fa fa-pencil', 'SystemValController.Edit'),
	(13, 'excluir', 84, 2, 101, 'fa fa-trash', 'SystemValController.Delete'),
	(14, 'Cadastro', NULL, 1, 1, 'fa fa-address-book-o', ''),
	(15, 'Cliente', 14, 1, 2, 'fa fa-ship', 'ClienteController.Index'),
	(92, 'Ger. dos Recursos', 1, 1, 100, 'fa fa-gear', 'ResourceController.Index'),
	(93, 'Usuários', 1, 1, 100, 'fa fa-reddit', 'BackendUserController.Index'),
	(94, 'Funções', 1, 1, 100, 'fa fa-eyedropper', 'RoleController.Index'),
	(95, 'Alterar Cliente', 15, 2, 100, 'fa fa-user-secret', 'ClienteController.Edit'),
	(96, 'Excluir Cliente', 15, 2, 100, 'fa fa-user-times', 'ClienteController.Delete'),
	(97, 'Alocar Funções', 94, 2, 100, 'fa fa-random', 'RoleController.Allocate'),
	(98, 'Linha', 14, 1, 6, 'fa fa-navicon', 'LinhaController.Index'),
	(99, 'Alterar Linha', 98, 2, 100, 'fa fa-wrench', 'LinhaController.Edit'),
	(100, 'Excluir Linha', 98, 2, 100, 'fa fa-close', 'LinhaController.Delete'),
	(101, 'Fornecedor', 14, 1, 3, 'fa fa-bus', 'FornecedorController.Index'),
	(102, 'Alterar Fornecedor', 101, 2, 100, '', 'FornecedorController.Edit'),
	(103, 'Excluir Fornecedor', 101, 2, 100, '', 'FornecedorController.Delete'),
	(104, 'Bordado', 14, 1, 1, 'fa fa-address-book', 'BordadoController.Index'),
	(105, 'Excluir Bordado', 104, 2, 100, '', 'BordadoController.Delete'),
	(106, 'Alterar Bordado', 104, 2, 100, '', 'BordadoController.Edit');
/*!40000 ALTER TABLE `sys_resource` ENABLE KEYS */;

-- Copiando estrutura para tabela ccb_beego.sys_role
CREATE TABLE IF NOT EXISTS `sys_role` (
  `id` int(11) NOT NULL AUTO_INCREMENT,
  `name` varchar(255) COLLATE utf8mb4_unicode_ci NOT NULL DEFAULT '',
  `seq` int(11) NOT NULL DEFAULT '0',
  PRIMARY KEY (`id`)
) ENGINE=InnoDB AUTO_INCREMENT=3 DEFAULT CHARSET=utf8mb4 COLLATE=utf8mb4_unicode_ci;

-- Copiando dados para a tabela ccb_beego.sys_role: ~2 rows (aproximadamente)
/*!40000 ALTER TABLE `sys_role` DISABLE KEYS */;
INSERT INTO `sys_role` (`id`, `name`, `seq`) VALUES
	(1, 'Atendente', 1),
	(2, 'Gerente', 2);
/*!40000 ALTER TABLE `sys_role` ENABLE KEYS */;

-- Copiando estrutura para tabela ccb_beego.sys_role_backenduser_rel
CREATE TABLE IF NOT EXISTS `sys_role_backenduser_rel` (
  `id` int(11) NOT NULL AUTO_INCREMENT,
  `role_id` int(11) NOT NULL,
  `backend_user_id` int(11) NOT NULL,
  `created` datetime NOT NULL,
  PRIMARY KEY (`id`)
) ENGINE=InnoDB AUTO_INCREMENT=6 DEFAULT CHARSET=utf8mb4 COLLATE=utf8mb4_unicode_ci;

-- Copiando dados para a tabela ccb_beego.sys_role_backenduser_rel: ~1 rows (aproximadamente)
/*!40000 ALTER TABLE `sys_role_backenduser_rel` DISABLE KEYS */;
INSERT INTO `sys_role_backenduser_rel` (`id`, `role_id`, `backend_user_id`, `created`) VALUES
	(5, 2, 2, '2023-06-14 01:48:17');
/*!40000 ALTER TABLE `sys_role_backenduser_rel` ENABLE KEYS */;

-- Copiando estrutura para tabela ccb_beego.sys_role_resource_rel
CREATE TABLE IF NOT EXISTS `sys_role_resource_rel` (
  `id` int(11) NOT NULL AUTO_INCREMENT,
  `role_id` int(11) NOT NULL,
  `resource_id` int(11) NOT NULL,
  `created` datetime NOT NULL,
  PRIMARY KEY (`id`)
) ENGINE=InnoDB AUTO_INCREMENT=67 DEFAULT CHARSET=utf8mb4 COLLATE=utf8mb4_unicode_ci;

-- Copiando dados para a tabela ccb_beego.sys_role_resource_rel: ~29 rows (aproximadamente)
/*!40000 ALTER TABLE `sys_role_resource_rel` DISABLE KEYS */;
INSERT INTO `sys_role_resource_rel` (`id`, `role_id`, `resource_id`, `created`) VALUES
	(38, 1, 14, '2023-06-13 01:29:42'),
	(39, 1, 104, '2023-06-13 01:29:42'),
	(40, 1, 105, '2023-06-13 01:29:42'),
	(41, 1, 106, '2023-06-13 01:29:42'),
	(42, 1, 15, '2023-06-13 01:29:42'),
	(43, 1, 95, '2023-06-13 01:29:42'),
	(44, 1, 96, '2023-06-13 01:29:42'),
	(45, 1, 101, '2023-06-13 01:29:42'),
	(46, 1, 102, '2023-06-13 01:29:42'),
	(47, 1, 103, '2023-06-13 01:29:42'),
	(48, 1, 98, '2023-06-13 01:29:42'),
	(49, 1, 99, '2023-06-13 01:29:42'),
	(50, 1, 100, '2023-06-13 01:29:42'),
	(51, 1, 1, '2023-06-13 01:29:42'),
	(52, 1, 92, '2023-06-13 01:29:42'),
	(53, 1, 93, '2023-06-13 01:29:42'),
	(54, 1, 94, '2023-06-13 01:29:42'),
	(55, 1, 97, '2023-06-13 01:29:42'),
	(56, 2, 14, '2023-06-13 01:31:56'),
	(57, 2, 104, '2023-06-13 01:31:56'),
	(58, 2, 105, '2023-06-13 01:31:56'),
	(59, 2, 106, '2023-06-13 01:31:56'),
	(60, 2, 15, '2023-06-13 01:31:56'),
	(61, 2, 95, '2023-06-13 01:31:56'),
	(62, 2, 96, '2023-06-13 01:31:56'),
	(63, 2, 101, '2023-06-13 01:31:56'),
	(64, 2, 102, '2023-06-13 01:31:56'),
	(65, 2, 103, '2023-06-13 01:31:56'),
	(66, 2, 98, '2023-06-13 01:31:56');
/*!40000 ALTER TABLE `sys_role_resource_rel` ENABLE KEYS */;

/*!40101 SET SQL_MODE=IFNULL(@OLD_SQL_MODE, '') */;
/*!40014 SET FOREIGN_KEY_CHECKS=IFNULL(@OLD_FOREIGN_KEY_CHECKS, 1) */;
/*!40101 SET CHARACTER_SET_CLIENT=@OLD_CHARACTER_SET_CLIENT */;
/*!40111 SET SQL_NOTES=IFNULL(@OLD_SQL_NOTES, 1) */;